-- MySQL dump 10.13  Distrib 8.1.0, for macos13 (x86_64)
--
-- Host: localhost    Database: cibelapps_db
-- ------------------------------------------------------
-- Server version	8.1.0

/*!40101 SET @OLD_CHARACTER_SET_CLIENT=@@CHARACTER_SET_CLIENT */;
/*!40101 SET @OLD_CHARACTER_SET_RESULTS=@@CHARACTER_SET_RESULTS */;
/*!40101 SET @OLD_COLLATION_CONNECTION=@@COLLATION_CONNECTION */;
/*!50503 SET NAMES utf8mb4 */;
/*!40103 SET @OLD_TIME_ZONE=@@TIME_ZONE */;
/*!40103 SET TIME_ZONE='+00:00' */;
/*!40014 SET @OLD_UNIQUE_CHECKS=@@UNIQUE_CHECKS, UNIQUE_CHECKS=0 */;
/*!40014 SET @OLD_FOREIGN_KEY_CHECKS=@@FOREIGN_KEY_CHECKS, FOREIGN_KEY_CHECKS=0 */;
/*!40101 SET @OLD_SQL_MODE=@@SQL_MODE, SQL_MODE='NO_AUTO_VALUE_ON_ZERO' */;
/*!40111 SET @OLD_SQL_NOTES=@@SQL_NOTES, SQL_NOTES=0 */;

--
-- Table structure for table `activo`
--

DROP TABLE IF EXISTS `activo`;
/*!40101 SET @saved_cs_client     = @@character_set_client */;
/*!50503 SET character_set_client = utf8mb4 */;
CREATE TABLE `activo` (
  `id` bigint NOT NULL AUTO_INCREMENT,
  `icono` varchar(500) DEFAULT NULL,
  `nombre` varchar(255) DEFAULT NULL,
  `fk_tipo` bigint DEFAULT NULL,
  PRIMARY KEY (`id`),
  KEY `FKaakrmem736359wwli98ht9c14` (`fk_tipo`),
  CONSTRAINT `FKaakrmem736359wwli98ht9c14` FOREIGN KEY (`fk_tipo`) REFERENCES `tipo` (`id`)
) ENGINE=InnoDB AUTO_INCREMENT=38 DEFAULT CHARSET=utf8mb4 COLLATE=utf8mb4_0900_ai_ci;
/*!40101 SET character_set_client = @saved_cs_client */;

--
-- Dumping data for table `activo`
--

LOCK TABLES `activo` WRITE;
/*!40000 ALTER TABLE `activo` DISABLE KEYS */;
INSERT INTO `activo` VALUES (1,'https://i.imgur.com/NttMMhZ.png','Link to Windows',1),(2,'https://i.imgur.com/ITx2iKg.png','Aliexpress',2),(3,'https://i.imgur.com/q5tA69t.png','Shein',2),(4,'https://i.imgur.com/2XiG9e9.png','Paypal',2),(5,'https://i.imgur.com/LcTY7gr.jpg','Telegram',3),(6,'https://i.imgur.com/5Z8uDNj.jpg','Viber',3),(7,'https://i.imgur.com/4YRrKru.jpg','Discord',3),(8,'https://i.imgur.com/CWTCFQS.png','Messenger',3),(9,'https://i.imgur.com/zsn1F6B.jpg','WhatsApp',3),(10,'https://i.imgur.com/waEUE3J.png','Picsart',4),(11,'https://i.imgur.com/PyDbRXJ.png','Moments',4),(12,'https://i.imgur.com/zY35hGS.png','Preview',4),(13,'https://i.imgur.com/Pq45xpO.png','Photos',4),(14,'https://i.imgur.com/7jUPGrR.png','Microsoft Excel',5),(15,'https://i.imgur.com/Cz6kjMf.png','LastPass',5),(16,'https://i.imgur.com/pUmmdm0.png','OneNote',5),(17,'https://i.imgur.com/EQx6hQf.png','Microsoft 365',5),(18,'https://i.imgur.com/af90BuH.jpg','Zoom',6),(19,'https://i.imgur.com/tLgko7v.jpg','Meet',6),(20,'https://i.imgur.com/vh8uQop.png','Microsoft Teams',6),(21,'https://i.imgur.com/EDR5YuN.png','Moodle',7),(22,'https://i.imgur.com/DN2CmC2.png','Dropbox',8),(23,'https://i.imgur.com/GMUpQTQ.png','Google Drive',8),(24,'https://i.imgur.com/Armq8qw.png','OneDrive',8),(25,'https://i.imgur.com/JEWlqyV.png','Uber Eats',9),(26,'https://i.imgur.com/ad7rJ7z.jpg','Twitch',10),(27,'https://i.imgur.com/OfqcmZ8.jpg','Netflix',10),(28,'https://i.imgur.com/ILHC6Pp.jpg','TikTok',10),(29,'https://i.imgur.com/KT4MGRk.png','Shazam',10),(30,'https://i.imgur.com/MUlPBjq.png','Uber',11),(31,'https://i.imgur.com/W4Oi62d.png','Opera Touch',12),(32,'https://i.imgur.com/hF0g1uU.png','Firefox',12),(33,'https://i.imgur.com/OYkQys3.png','Chrome',12),(34,'https://i.imgur.com/2jJE0Km.jpg','Facebook',13),(35,'https://i.imgur.com/nVaiL7E.jpg','LinkedIn',13),(36,'https://i.imgur.com/MNaIwAy.jpg','Instagram',13),(37,'https://i.imgur.com/4LFvxoy.png','Authenticator',14);
/*!40000 ALTER TABLE `activo` ENABLE KEYS */;
UNLOCK TABLES;

--
-- Table structure for table `activo_x_vulnerabilidad`
--

DROP TABLE IF EXISTS `activo_x_vulnerabilidad`;
/*!40101 SET @saved_cs_client     = @@character_set_client */;
/*!50503 SET character_set_client = utf8mb4 */;
CREATE TABLE `activo_x_vulnerabilidad` (
  `fk_activo` bigint NOT NULL,
  `fk_vulnerabilidad` varchar(255) NOT NULL,
  KEY `FK6y4hd3xuqu7rjalxdivq3e9xg` (`fk_vulnerabilidad`),
  KEY `FKnnhfiho7p1hect4kyxxudvttj` (`fk_activo`),
  CONSTRAINT `FK6y4hd3xuqu7rjalxdivq3e9xg` FOREIGN KEY (`fk_vulnerabilidad`) REFERENCES `vulnerabilidad` (`idcve`),
  CONSTRAINT `FKnnhfiho7p1hect4kyxxudvttj` FOREIGN KEY (`fk_activo`) REFERENCES `activo` (`id`)
) ENGINE=InnoDB DEFAULT CHARSET=utf8mb4 COLLATE=utf8mb4_0900_ai_ci;
/*!40101 SET character_set_client = @saved_cs_client */;

--
-- Dumping data for table `activo_x_vulnerabilidad`
--

LOCK TABLES `activo_x_vulnerabilidad` WRITE;
/*!40000 ALTER TABLE `activo_x_vulnerabilidad` DISABLE KEYS */;
INSERT INTO `activo_x_vulnerabilidad` VALUES (9,'CVE-2017-8769'),(9,'CVE-2018-6344'),(9,'CVE-2019-3568'),(9,'CVE-2018-6349'),(9,'CVE-2018-6350'),(9,'CVE-2019-11927'),(9,'CVE-2019-11932'),(9,'CVE-2019-11933'),(9,'CVE-2019-11931'),(9,'CVE-2020-1886'),(9,'CVE-2020-1890'),(9,'CVE-2020-1891'),(9,'CVE-2020-1894'),(9,'CVE-2020-1905'),(9,'CVE-2020-1906'),(9,'CVE-2020-1907'),(9,'CVE-2020-1910'),(9,'CVE-2021-24026'),(9,'CVE-2021-24027'),(9,'CVE-2021-24041'),(9,'CVE-2020-20096'),(9,'CVE-2022-27492'),(36,'CVE-2020-1895'),(36,'CVE-2020-20094'),(33,'CVE-2014-3159'),(33,'CVE-2014-3161'),(33,'CVE-2014-3201'),(33,'CVE-2014-7905'),(33,'CVE-2015-1209'),(33,'CVE-2015-1210'),(33,'CVE-2015-1211'),(33,'CVE-2015-1212'),(33,'CVE-2015-1261'),(33,'CVE-2016-5196'),(33,'CVE-2016-5197'),(5,'CVE-2019-16248'),(5,'CVE-2020-10570'),(5,'CVE-2020-12474'),(5,'CVE-2021-27351'),(5,'CVE-2021-31315'),(5,'CVE-2021-31317'),(5,'CVE-2021-31318'),(5,'CVE-2021-31319'),(5,'CVE-2021-31320'),(5,'CVE-2021-31321'),(5,'CVE-2021-31322'),(5,'CVE-2021-31323'),(5,'CVE-2021-36769'),(29,'CVE-2019-8791'),(6,'CVE-2019-18800'),(14,'CVE-2022-26903'),(11,'CVE-2018-13298'),(24,'CVE-2020-0654'),(24,'CVE-2022-23255'),(24,'CVE-2023-24923'),(18,'CVE-2022-28755'),(18,'CVE-2022-36928'),(18,'CVE-2023-28597'),(18,'CVE-2023-28599'),(18,'CVE-2023-36532'),(18,'CVE-2023-36535'),(18,'CVE-2023-39218'),(18,'CVE-2023-39214'),(18,'CVE-2023-39215'),(18,'CVE-2023-39199'),(18,'CVE-2023-39204'),(18,'CVE-2023-39205'),(18,'CVE-2023-39206'),(18,'CVE-2023-43582'),(18,'CVE-2023-43583'),(18,'CVE-2023-49646'),(15,'CVE-2013-5113'),(15,'CVE-2013-5114'),(16,'CVE-2023-21721'),(28,'CVE-2022-28799'),(17,'CVE-2023-24910'),(32,'CVE-2012-3979'),(32,'CVE-2020-15666'),(32,'CVE-2020-15668'),(32,'CVE-2020-15670'),(32,'CVE-2020-15671'),(32,'CVE-2020-12400'),(32,'CVE-2020-12401'),(32,'CVE-2020-6829'),(32,'CVE-2020-26954'),(32,'CVE-2020-26955'),(32,'CVE-2020-26957'),(32,'CVE-2020-26964'),(32,'CVE-2020-26975'),(32,'CVE-2020-26977'),(32,'CVE-2021-23976'),(32,'CVE-2021-23957'),(32,'CVE-2021-23959'),(32,'CVE-2021-23977'),(32,'CVE-2021-29952'),(32,'CVE-2021-29953'),(32,'CVE-2021-29962'),(32,'CVE-2021-29963'),(32,'CVE-2021-29965'),(32,'CVE-2021-29971'),(32,'CVE-2021-29973'),(32,'CVE-2021-29993'),(32,'CVE-2022-26485'),(32,'CVE-2022-26486'),(32,'CVE-2022-38474'),(32,'CVE-2023-23600'),(32,'CVE-2023-25748'),(32,'CVE-2023-25749'),(32,'CVE-2023-28159'),(32,'CVE-2023-29533'),(32,'CVE-2023-29535'),(32,'CVE-2023-29536'),(32,'CVE-2023-29537'),(32,'CVE-2023-29538'),(32,'CVE-2023-29539'),(32,'CVE-2023-29540'),(32,'CVE-2023-29541'),(32,'CVE-2023-29543'),(32,'CVE-2023-29544'),(32,'CVE-2023-29548'),(32,'CVE-2023-29549'),(32,'CVE-2023-29550'),(32,'CVE-2023-29551'),(32,'CVE-2023-25747'),(32,'CVE-2023-29534'),(32,'CVE-2023-29546'),(20,'CVE-2022-21965'),(20,'CVE-2023-29328'),(20,'CVE-2023-29330'),(37,'CVE-2022-35290');
/*!40000 ALTER TABLE `activo_x_vulnerabilidad` ENABLE KEYS */;
UNLOCK TABLES;

--
-- Table structure for table `tipo`
--

DROP TABLE IF EXISTS `tipo`;
/*!40101 SET @saved_cs_client     = @@character_set_client */;
/*!50503 SET character_set_client = utf8mb4 */;
CREATE TABLE `tipo` (
  `id` bigint NOT NULL AUTO_INCREMENT,
  `nombre` varchar(255) DEFAULT NULL,
  `nombre_en` varchar(255) DEFAULT NULL,
  PRIMARY KEY (`id`)
) ENGINE=InnoDB AUTO_INCREMENT=15 DEFAULT CHARSET=utf8mb4 COLLATE=utf8mb4_0900_ai_ci;
/*!40101 SET character_set_client = @saved_cs_client */;

--
-- Dumping data for table `tipo`
--

LOCK TABLES `tipo` WRITE;
/*!40000 ALTER TABLE `tipo` DISABLE KEYS */;
INSERT INTO `tipo` VALUES (1,'Utilidades','Utilities'),(2,'Compras','Shopping'),(3,'Comunicación','Communication'),(4,'Fotografía','Photography'),(5,'Productividad','Productivity'),(6,'Reuniones y Conferencias','Meetings and Conferences'),(7,'Educación','Education'),(8,'Almacenamiento en la Nube','Cloud Storage'),(9,'Comida','Food'),(10,'Entretenimiento','Entertainment'),(11,'Viajes','Travel'),(12,'Navegadores Web','Web Browsers'),(13,'Redes Sociales','Social Networks'),(14,'Seguridad','Security');
/*!40000 ALTER TABLE `tipo` ENABLE KEYS */;
UNLOCK TABLES;

--
-- Table structure for table `vulnerabilidad`
--

DROP TABLE IF EXISTS `vulnerabilidad`;
/*!40101 SET @saved_cs_client     = @@character_set_client */;
/*!50503 SET character_set_client = utf8mb4 */;
CREATE TABLE `vulnerabilidad` (
  `idcve` varchar(255) NOT NULL,
  `availability_impact` varchar(255) DEFAULT NULL,
  `base_score` double NOT NULL,
  `base_severity` varchar(255) DEFAULT NULL,
  `confidentiality_impact` varchar(255) DEFAULT NULL,
  `descripcion` varchar(5000) DEFAULT NULL,
  `integrity_impact` varchar(255) DEFAULT NULL,
  `version_end_excluding` varchar(255) DEFAULT NULL,
  `version_end_including` varchar(255) DEFAULT NULL,
  `descripcion_en` varchar(5000) DEFAULT NULL,
  PRIMARY KEY (`idcve`)
) ENGINE=InnoDB DEFAULT CHARSET=utf8mb4 COLLATE=utf8mb4_0900_ai_ci;
/*!40101 SET character_set_client = @saved_cs_client */;

--
-- Dumping data for table `vulnerabilidad`
--

LOCK TABLES `vulnerabilidad` WRITE;
/*!40000 ALTER TABLE `vulnerabilidad` DISABLE KEYS */;
INSERT INTO `vulnerabilidad` VALUES ('CVE-2012-3979','PARTIAL',6.8,'MEDIUM','PARTIAL','Mozilla Firefox anterior a v15.0 en Android no implementa correctamente los (callers) de la función __android_log_print, lo que permite a atacantes remotos ejecutar código arbitrario a través de una página web diseñada que llama a la función de volcado JavaScript.','PARTIAL',NULL,'14.0','Mozilla Firefox before 15.0 on Android does not properly implement unspecified callers of the __android_log_print function, which allows remote attackers to execute arbitrary code via a crafted web page that calls the JavaScript dump function.'),('CVE-2013-5113','HIGH',6.8,'MEDIUM','HIGH','LastPass versiones anteriores a 2.5.1, presenta una implementación de PIN no segura.','HIGH','2.5.1',NULL,'LastPass prior to 2.5.1 has an insecure PIN implementation.'),('CVE-2013-5114','NONE',6.1,'MEDIUM','HIGH','LastPass versiones anteriores a 2.5.1, permite una omisión de limpieza segura.','HIGH','2.5.1',NULL,'LastPass prior to 2.5.1 allows secure wipe bypass.'),('CVE-2014-3159','NONE',6.4,'MEDIUM','PARTIAL','La función WebContentsDelegateAndroid::OpenURLFromTab en components/web_contents_delegate_android/web_contents_delegate_android.cc en Google Chrome anterior a 36.0.1985.122 en Android no restringe debidamente la carga de URLs, lo que permite a atacantes remotos falsificar la URL en el Omnibox a través de vectores no especificados.','PARTIAL',NULL,'36.0.1985.106','The WebContentsDelegateAndroid::OpenURLFromTab function in components/web_contents_delegate_android/web_contents_delegate_android.cc in Google Chrome before 36.0.1985.122 on Android does not properly restrict URL loading, which allows remote attackers to spoof the URL in the Omnibox via unspecified vectors.'),('CVE-2014-3161','PARTIAL',7.5,'HIGH','PARTIAL','La función WebMediaPlayerAndroid::load en content/renderer/media/android/webmediaplayer_android.cc en Google Chrome anterior a 36.0.1985.122 en Android no interactúa debidamente con las redirecciones, lo que permite a atacantes remotos evadir Same Origin Policy a través de un sitio web manipulado que hospeda un flujo de vídeo.','PARTIAL',NULL,'36.0.1985.106','The WebMediaPlayerAndroid::load function in content/renderer/media/android/webmediaplayer_android.cc in Google Chrome before 36.0.1985.122 on Android does not properly interact with redirects, which allows remote attackers to bypass the Same Origin Policy via a crafted web site that hosts a video stream.'),('CVE-2014-3201','NONE',5,'MEDIUM','NONE','core/rendering/compositing/RenderLayerCompositor.cpp en Blink, utilizado en Google Chrome anterior a 38.0.2125.102 en Android, no maneja debidamente cierta condición de desbordamiento de IFRAME, lo que permite a atacantes remotos falsificar contenido a través de un sitio web manipulado que interfiere con la barra de desplazamiento.','PARTIAL',NULL,'38.0.2125.101','core/rendering/compositing/RenderLayerCompositor.cpp in Blink, as used in Google Chrome before 38.0.2125.102 on Android, does not properly handle a certain IFRAME overflow condition, which allows remote attackers to spoof content via a crafted web site that interferes with the scrollbar.'),('CVE-2014-7905','NONE',5,'MEDIUM','NONE','Google Chrome anterior a 39.0.2171.65 para Android no previene la navegación a una URL en los casos donde una intento para la URL no tiene CATEGORY_BROWSABLE, lo que permite a atacantes remotos evadir las restricciones de acceso a través de un sitio web manipulado.','PARTIAL',NULL,'39.0.2171.45','Google Chrome before 39.0.2171.65 on Android does not prevent navigation to a URL in cases where an intent for the URL lacks CATEGORY_BROWSABLE, which allows remote attackers to bypass intended access restrictions via a crafted web site.'),('CVE-2015-1209','PARTIAL',7.5,'HIGH','PARTIAL','Vulnerabilidad de uso después de liberación en la función VisibleSelection::nonBoundaryShadowTreeRootNode en core/editing/VisibleSelection.cpp en la implementación DOM en Blink, utilizado en Google Chrome anterior a 40.0.2214.111 en Windows, OS X, y Linux y anterior a 40.0.2214.109 en Android, permite a atacantes remotos causar una denegación de servicio o posiblemente tener otro impacto no especificado a través de código JavaScript manipulado que provoca el manejo incorrecto de una ancla shadow-root.','PARTIAL','40.0.2214.109',NULL,'Use-after-free vulnerability in the VisibleSelection::nonBoundaryShadowTreeRootNode function in core/editing/VisibleSelection.cpp in the DOM implementation in Blink, as used in Google Chrome before 40.0.2214.111 on Windows, OS X, and Linux and before 40.0.2214.109 on Android, allows remote attackers to cause a denial of service or possibly have unspecified other impact via crafted JavaScript code that triggers improper handling of a shadow-root anchor.'),('CVE-2015-1210','NONE',5,'MEDIUM','NONE','La función V8ThrowException::createDOMException en bindings/core/v8/V8ThrowException.cpp en las vinculaciones V8 en Blink, utilizado en Google Chrome anterior a 40.0.2214.111 en Windows, OS X, y Linux y anterior a 40.0.2214.109 en Android, no considera correctamente las restricciones de acceso a Frame durante el lanzamiento de una excepción, lo que permite a atacantes remotos evadir Same Origin Policy a través de un sitio web manipulado.','PARTIAL','40.0.2214.109',NULL,'The V8ThrowException::createDOMException function in bindings/core/v8/V8ThrowException.cpp in the V8 bindings in Blink, as used in Google Chrome before 40.0.2214.111 on Windows, OS X, and Linux and before 40.0.2214.109 on Android, does not properly consider frame access restrictions during the throwing of an exception, which allows remote attackers to bypass the Same Origin Policy via a crafted web site.'),('CVE-2015-1211','PARTIAL',7.5,'HIGH','PARTIAL','La función OriginCanAccessServiceWorkers en content/browser/service_worker/service_worker_dispatcher_host.cc en Google Chrome anterior a 40.0.2214.111 en Windows, OS X, y Linux y anterior a 40.0.2214.109 en Android no restringe correctamente la esquema de la URI durante un registro Serviceworker, lo que permite a atacantes remotos ganar privilegios a través de una URI filesystem:.','PARTIAL','40.0.2214.109',NULL,'The OriginCanAccessServiceWorkers function in content/browser/service_worker/service_worker_dispatcher_host.cc in Google Chrome before 40.0.2214.111 on Windows, OS X, and Linux and before 40.0.2214.109 on Android does not properly restrict the URI scheme during a ServiceWorker registration, which allows remote attackers to gain privileges via a filesystem: URI.'),('CVE-2015-1212','PARTIAL',7.5,'HIGH','PARTIAL','Múltiples vulnerabilidades no especificados en Google Chrome before 40.0.2214.111 en Windows, OS X, y Linux y anterior a 40.0.2214.109 en Android permiten a atacantes causar una denegación de servicio o posiblemente tener otro impacto a través de vectores desconocidos.','PARTIAL','40.0.2214.109',NULL,'Multiple unspecified vulnerabilities in Google Chrome before 40.0.2214.111 on Windows, OS X, and Linux and before 40.0.2214.109 on Android allow attackers to cause a denial of service or possibly have other impact via unknown vectors.'),('CVE-2015-1261','NONE',5,'MEDIUM','NONE','android/java/src/org/chromium/chrome/browser/WebsiteSettingsPopup.java en Google Chrome anterior a 43.0.2357.65 en Android no restringe correctamente el uso de el identificador de fragmentos de una URL durante la construcción de una página emergente de información, lo que permite a atacantes remotos falsificar la barra de la URL o entregar contenidos de emergentes engañosos a través de un texto manipulado.','PARTIAL',NULL,'42.0.2311.107','android/java/src/org/chromium/chrome/browser/WebsiteSettingsPopup.java in Google Chrome before 43.0.2357.65 on Android does not properly restrict use of a URL\'s fragment identifier during construction of a page-info popup, which allows remote attackers to spoof the URL bar or deliver misleading popup content via crafted text.'),('CVE-2016-5196','PARTIAL',6.8,'MEDIUM','PARTIAL','El cliente renderizado de contenido en Google Chrome anterior a 54.0.2840.85 para Android fuerza insuficientemente la Same Origin Policy entre los archivos descargados, lo que permite a un atacante remoto acceder a cualquier archivo descargado e interactuar con sitios, incluyendo aquellos en los que el usuario ha iniciado sesión, a través de una página HTML manipulada.','PARTIAL',NULL,'54.0.2840.68','The content renderer client in Google Chrome prior to 54.0.2840.85 for Android insufficiently enforced the Same Origin Policy amongst downloaded files, which allowed a remote attacker to access any downloaded file and interact with sites, including those the user was logged into, via a crafted HTML page.'),('CVE-2016-5197','PARTIAL',6.8,'MEDIUM','PARTIAL','El cliente de vista de contenido en Google Chrome anterior a 54.0.2840.85 para Android valida insuficientemente las URLs intencionadas, lo que permitió a un atacante remoto que ha comprometido el proceso de renderización para iniciar actividad arbitraria en el sistema a través de una página HTML manipulada.','PARTIAL',NULL,'54.0.2840.68','The content view client in Google Chrome prior to 54.0.2840.85 for Android insufficiently validated intent URLs, which allowed a remote attacker who had compromised the renderer process to start arbitrary activity on the system via a crafted HTML page.'),('CVE-2017-8769','NONE',4.6,'MEDIUM','HIGH','** EN DISPUTA ** Facebook WhatsApp Messenger 2.17.146 para Android utiliza la tarjeta SD para el almacenamiento en archivos en texto claro (audio, documentos, imágenes, vídeos y notas de voz) asociados a una conversación incluso si se elimina dicha conversación. Puede haber usuarios que esperen que se realice el borrado de estos archivos una vez que se elimina la conversación o usuarios que esperen que estos archivos estén cifrados (de acuerdo al uso por parte de la aplicación de una base de datos cifrada para almacenar los textos de conversaciones). NOTA: el fabricante indica que no \\\"considera que esto se trate de problemas de seguridad\\\" debido a que un usuario, de forma legítima, puede querer preservar cualquier archivo para su uso \\\"en otras apps como la galería de Google Photos\\\", independientemente de si la conversación asociada se ha eliminado o no.','NONE','2.16.323',NULL,'Facebook WhatsApp Messenger before 2.16.323 for Android uses the SD card for cleartext storage of files (Audio, Documents, Images, Video, and Voice Notes) associated with a chat, even after that chat is deleted. There may be users who expect file deletion to occur upon chat deletion, or who expect encryption (consistent with the application\'s use of an encrypted database to store chat text). NOTE: the vendor reportedly indicates that they do not \"consider these to be security issues\" because a user may legitimately want to preserve any file for use \"in other apps like the Google Photos gallery\" regardless of whether its associated chat is deleted'),('CVE-2018-13298','PARTIAL',6.8,'MEDIUM','PARTIAL','Una vulnerabilidad de canal accesible por \"non-endpoint\" en la página de privacidad de Synology Android Moments, en versiones anteriores a la 1.2.3-199, permite a los atacantes Man-in-the-Middle (MitM) ejecutar código arbitrario mediante vectores sin especificar.','PARTIAL','1.2.3-199',NULL,'Channel accessible by non-endpoint vulnerability in privacy page in Synology Android Moments before 1.2.3-199 allows man-in-the-middle attackers to execute arbitrary code via unspecified vectors.'),('CVE-2018-6344','HIGH',7.5,'HIGH','NONE','Una corrupción basada en memoria (heap) en WhatsApp puede deberse a un paquete RTP mal formado que se envía tras el establecimiento de una llamada. Esta vulnerabilidad puede utilizarse para provocar una denegación de servicio. Afecta a WhatsApp para Android en versiones anteriores a la v2.18.293 WhatsApp para iOS en versiones anteriores a la v2.18.93 y WhatsApp for Windows Phone en versiones anteriores a la v2.18.172.','NONE','2.18.293',NULL,'A heap corruption in WhatsApp can be caused by a malformed RTP packet being sent after a call is established. The vulnerability can be used to cause denial of service. It affects WhatsApp for Android prior to v2.18.293, WhatsApp for iOS prior to v2.18.93, and WhatsApp for Windows Phone prior to v2.18.172.'),('CVE-2018-6349','HIGH',9.8,'CRITICAL','HIGH','Al recibir llamadas usando WhatsApp para Android, una falta de comprobación de tamaño cuando se analizan un paquete proporcionado por el remitente permite un desbordamiento basado en la pila. Este problema afecta a WhatsApp para Android anterior a versión 2.18.248 y WhatsApp Business para Android anterior a versión 2.18.132.','HIGH','2.18.132',NULL,'When receiving calls using WhatsApp for Android, a missing size check when parsing a sender-provided packet allowed for a stack-based overflow. This issue affects WhatsApp for Android prior to 2.18.248 and WhatsApp Business for Android prior to 2.18.132.'),('CVE-2018-6350','PARTIAL',7.5,'HIGH','PARTIAL','Fue posible una lectura fuera de límites en WhatsApp debido a un análisis incorrecto de los encabezados de extensión RTP. Este problema afecta a WhatsApp para Android anterior a versión 2.18.276, WhatsApp Business para Android anterior a versión 2.18.99, WhatsApp para iOS anterior a versión 2.18.100.6, WhatsApp Business para iOS anterior a versión 2.18.100.2 y WhatsApp para Windows Phone anterior a versión 2.18. 224.','PARTIAL','2.18.99',NULL,'An out-of-bounds read was possible in WhatsApp due to incorrect parsing of RTP extension headers. This issue affects WhatsApp for Android prior to 2.18.276, WhatsApp Business for Android prior to 2.18.99, WhatsApp for iOS prior to 2.18.100.6, WhatsApp Business for iOS prior to 2.18.100.2, and WhatsApp for Windows Phone prior to 2.18.224.'),('CVE-2019-11927','HIGH',7.8,'HIGH','HIGH','Un desbordamiento de enteros en las bibliotecas de análisis multimedia de WhatsApp permite a un atacante remoto llevar a cabo una escritura fuera de límite en el pila por medio de etiquetas EXIF especialmente diseñadas en imágenes WEBP. Este problema afecta a WhatsApp para Android anterior a la versión 2.19.143 y WhatsApp para iOS anterior a la versión 2.19.100.','HIGH','2.9.143',NULL,'An integer overflow in WhatsApp media parsing libraries allows a remote attacker to perform an out-of-bounds write on the heap via specially-crafted EXIF tags in WEBP images. This issue affects WhatsApp for Android before version 2.19.143 and WhatsApp for iOS before version 2.19.100.'),('CVE-2019-11931','HIGH',7.8,'HIGH','HIGH','Se podría desencadenar un desbordamiento de búfer en la región heap de la memoria en WhatsApp mediante el envío de un archivo MP4 especialmente diseñado hacia un usuario de WhatsApp. El problema estaba presente en el análisis de los metadatos de flujo elemental de un archivo MP4 y podría resultar en un DoS o RCE. Esto afecta a Android versiones anteriores a la versión 2.19.274, iOS versiones anteriores a la versión 2.19.100, Enterprise Client versiones anteriores a la versión 2.25.3, Business for Android versiones anteriores a 2.19.104 y Business for iOS versiones anteriores a 2.19.100.','HIGH','2.19.274',NULL,'A stack-based buffer overflow could be triggered in WhatsApp by sending a specially crafted MP4 file to a WhatsApp user. The issue was present in parsing the elementary stream metadata of an MP4 file and could result in a DoS or RCE. This affects Android versions prior to 2.19.274, iOS versions prior to 2.19.100, Enterprise Client versions prior to 2.25.3, Business for Android versions prior to 2.19.104 and Business for iOS versions prior to 2.19.100.'),('CVE-2019-11932','HIGH',8.8,'HIGH','HIGH','Una vulnerabilidad doble gratuita en la función DDGifSlurp en decoding.c en la biblioteca android-gif-drawable antes de la versión 1.2.18, como se usa en WhatsApp para Android antes de la versión 2.19.244 y muchas otras aplicaciones de Android, permite a los atacantes remotos ejecutar código arbitrario o causar una denegación de servicio cuando la biblioteca se utiliza para analizar una imagen GIF especialmente diseñada.','HIGH','2.19.244',NULL,'A double free vulnerability in the DDGifSlurp function in decoding.c in the android-gif-drawable library before version 1.2.18, as used in WhatsApp for Android before version 2.19.244 and many other Android applications, allows remote attackers to execute arbitrary code or cause a denial of service when the library is used to parse a specially crafted GIF image.'),('CVE-2019-11933','HIGH',9.8,'CRITICAL','HIGH','Un error de desbordamiento del búfer de la pila en libpl_droidsonroids_gif antes del 1.2.19, como es usado en WhatsApp para Android anteriores a la versión 2.19.291, podría permitir a atacantes remotos ejecutar código arbitrario o causar una denegación de servicio.','HIGH','2.19.291',NULL,'A heap buffer overflow bug in libpl_droidsonroids_gif before 1.2.19, as used in WhatsApp for Android before version 2.19.291 could allow remote attackers to execute arbitrary code or cause a denial of service.'),('CVE-2019-16248','NONE',5.5,'MEDIUM','HIGH','La funcionalidad \"delete for\" en Telegram versiones anteriores a 5.11 en Android no elimina los archivos multimedia compartidos desde el directorio de Imágenes de Telegram. En otras palabras, existe una indicación de la IU potencialmente engañosa de que un remitente puede eliminar la copia de un destinatario de una imagen enviada previamente (análoga a la funcionalidad compatible en la que un remitente puede suprimir la copia de un destinatario de un mensaje enviado previamente).','NONE','5.11.0',NULL,'The \"delete for\" feature in Telegram before 5.11 on Android does not delete shared media files from the Telegram Images directory. In other words, there is a potentially misleading UI indication that a sender can remove a recipient\'s copy of a previously sent image (analogous to supported functionality in which a sender can remove a recipient\'s copy of a previously sent message).'),('CVE-2019-18800','HIGH',8.8,'HIGH','HIGH','Viber hasta la versión 11.7.0.5 permite a un atacante remoto que puede capturar el tráfico de Internet de una víctima robar su cuenta de Viber, porque no todo el tráfico del protocolo de Viber está encriptado. El paquete de datos TCP 9 en el puerto 4244 del dispositivo de la víctima contiene información de texto claro, como el modelo del dispositivo y la versión del sistema operativo, IMSI, y 20 bytes de udid en formato binario, que se encuentra en el desplazamiento 0x14 de este paquete. Luego, el atacante instala Viber en su dispositivo, inicia el proceso de registro para cualquier número de teléfono, pero no ingresa un pin de SMS. En cambio, cierra Viber. Luego, el atacante reescribe su udid con el udid de la víctima, modificando el archivo viber_udid, que se encuentra en la carpeta de preferencias de Viber. (El udid se almacena en un formato hexadecimal). Finalmente, el atacante inicia Viber nuevamente e ingresa el pin desde SMS.','HIGH',NULL,'11.7.0.5','Viber through 11.7.0.5 allows a remote attacker who can capture a victim\'s internet traffic to steal their Viber account, because not all Viber protocol traffic is encrypted. TCP data packet 9 on port 4244 from the victim\'s device contains cleartext information such as the device model and OS version, IMSI, and 20 bytes of udid in a binary format, which is located at offset 0x14 of this packet. Then, the attacker installs Viber on his device, initiates the registration process for any phone number, but doesn\'t enter a pin from SMS. Instead, he closes Viber. Next, the attacker rewrites his udid with the victim\'s udid, modifying the viber_udid file, which is located in the Viber preferences folder. (The udid is stored in a hexadecimal format.) Finally, the attacker starts Viber again and enters the pin from SMS.'),('CVE-2019-3568','PARTIAL',7.5,'HIGH','PARTIAL','Una vulnerabilidad de desbordamiento de búfer en la pila VOIP de WhatsApp permitió la ejecución remota de código a través de una serie de paquetes RTCP especialmente diseñados que se enviaron a un número de teléfono de destino. El problema afecta a WhatsApp para Android anterior a v2.19.134, WhatsApp Business para Android anterior a v2.19.44, WhatsApp para iOS anterior a v2.19.51, WhatsApp Business para iOS anterior a v2.19.51, WhatsApp para Windows Phone antes de v2.18.348 , y WhatsApp para Tizen antes de v2.18.15.','PARTIAL','2.19.44',NULL,'A buffer overflow vulnerability in WhatsApp VOIP stack allowed remote code execution via specially crafted series of RTCP packets sent to a target phone number. The issue affects WhatsApp for Android prior to v2.19.134, WhatsApp Business for Android prior to v2.19.44, WhatsApp for iOS prior to v2.19.51, WhatsApp Business for iOS prior to v2.19.51, WhatsApp for Windows Phone prior to v2.18.348, and WhatsApp for Tizen prior to v2.18.15.'),('CVE-2019-8791','NONE',6.1,'MEDIUM','LOW','Se presentó un problema en el análisis de los esquemas de URL. Este problema fue abordado con una comprobación de URL mejorada. Este problema fue corregido en Shazam Android App versión 9.25.0 y Shazam iOS App versión 12.11.0. El procesamiento de una URL diseñada maliciosamente puede conllevar a un redireccionamiento abierto.','LOW','12.11.0',NULL,'An issue existed in the parsing of URL schemes. This issue was addressed with improved URL validation. This issue is fixed in Shazam Android App Version 9.25.0, Shazam iOS App Version 12.11.0. Processing a maliciously crafted URL may lead to an open redirect.'),('CVE-2020-0654','NONE',9.1,'CRITICAL','HIGH','Se presenta una vulnerabilidad de omisión de la característica de seguridad en la aplicación Microsoft OneDrive para Android. Esto podría permitir a un atacante omitir los requisitos de contraseña o huella dactilar de la aplicación. La actualización de seguridad aborda la vulnerabilidad corrigiendo la manera en que la aplicación Microsoft OneDrive para Android maneja el intercambio de enlaces, también se conoce como \"Microsoft OneDrive for Android Security Feature Bypass Vulnerability\".','HIGH',NULL,NULL,'A security feature bypass vulnerability exists in Microsoft OneDrive App for Android.This could allow an attacker to bypass the passcode or fingerprint requirements of the App.The security update addresses the vulnerability by correcting the way Microsoft OneDrive App for Android handles sharing links., aka \'Microsoft OneDrive for Android Security Feature Bypass Vulnerability\'.'),('CVE-2020-10570','NONE',6.1,'MEDIUM','HIGH','La aplicación Telegram versiones hasta 5.12 para Android, cuando Show Popup está habilitado, podría permitir a atacantes físicamente próximos omitir restricciones previstas en la lectura y respuesta de mensajes. Esto podría interpretarse como una omisión de la funcionalidad de código de acceso.','HIGH',NULL,'5.12.0','The Telegram application through 5.12 for Android, when Show Popup is enabled, might allow physically proximate attackers to bypass intended restrictions on message reading and message replying. This might be interpreted as a bypass of the passcode feature.'),('CVE-2020-12400','NONE',4.7,'MEDIUM','HIGH','Cuando se convierten coordenadas desde una descriptiva a afín, la inversión modular no se llevó a cabo en un tiempo constante, resultando en un posible ataque de canal lateral basado en sincronización.&#xa0;Esta vulnerabilidad afecta a Firefox versiones anteriores a 80 y Firefox para Android versiones anteriores a 80','NONE','80.0',NULL,'When converting coordinates from projective to affine, the modular inversion was not performed in constant time, resulting in a possible timing-based side channel attack. This vulnerability affects Firefox < 80 and Firefox for Android < 80.'),('CVE-2020-12401','NONE',4.7,'MEDIUM','HIGH','Durante la generación de firmas ECDSA, fue removido el relleno aplicado en el nonce diseñado para asegurar la multiplicación escalar de tiempo constante, resultando en una ejecución de tiempo variable dependiente de datos secretos.&#xa0;Esta vulnerabilidad afecta a Firefox versiones anteriores a 80 y Firefox para Android versiones anteriores a 80','NONE','80.0',NULL,'During ECDSA signature generation, padding applied in the nonce designed to ensure constant-time scalar multiplication was removed, resulting in variable-time execution dependent on secret data. This vulnerability affects Firefox < 80 and Firefox for Android < 80.'),('CVE-2020-12474','NONE',6.5,'MEDIUM','HIGH','Telegram Desktop versiones hasta 2.0.1, Telegram versiones hasta 6.0.1 para Android y Telegram versiones hasta 6.0.1 para iOS, permiten un ataque de Homógrafo IDN por medio de un Punycode en una URL pública o una URL de invitación de chat grupal.','NONE',NULL,'6.0.1','Telegram Desktop through 2.0.1, Telegram through 6.0.1 for Android, and Telegram through 6.0.1 for iOS allow an IDN Homograph attack via Punycode in a public URL or a group chat invitation URL.'),('CVE-2020-15666','NONE',6.5,'MEDIUM','HIGH','Cuando se intenta cargar un archivo que no es de video en un contexto de audio y video, el código de estado exacto (200, 302, 404, 500, 412, 403, etc.) fue revelado por medio del MediaError Message.&#xa0;Este nivel de filtración de información es inconsistente con la divulgación estandarizada onerror/onsuccess y puede conllevar a inferir el estado de inicio de sesión a los servicios o a la detección de dispositivos en una red local, entre otros ataques.&#xa0;Esta vulnerabilidad afecta a Firefox versiones anteriores a 80 y Firefox para Android versiones anteriores a 80','NONE','80.0',NULL,'When trying to load a non-video in an audio/video context the exact status code (200, 302, 404, 500, 412, 403, etc.) was disclosed via the MediaError Message. This level of information leakage is inconsistent with the standardized onerror/onsuccess disclosure and can lead to inferring login status to services or device discovery on a local network among other attacks. This vulnerability affects Firefox < 80 and Firefox for Android < 80.'),('CVE-2020-15668','NONE',4.3,'MEDIUM','LOW','Un candado esta faltando al acceder a una estructura de datos e importar información del certificado hacia la base de datos confiable.&#xa0;Esta vulnerabilidad afecta a Firefox versiones anteriores a 80 y Firefox para Android versiones anteriores a 80','NONE','80.0',NULL,'A lock was missing when accessing a data structure and importing certificate information into the trust database. This vulnerability affects Firefox < 80 and Firefox for Android < 80.'),('CVE-2020-15670','HIGH',8.8,'HIGH','HIGH','Los desarrolladores de Mozilla reportaron de unos bugs de seguridad de la memoria presentes en Firefox para Android versión 79. Algunos de estos bugs han mostrado evidencia de corrupción de la memoria y suponemos que con suficiente esfuerzo algunos de ellos podrían haber sido explotados para ejecutar código arbitrario.&#xa0;Esta vulnerabilidad afecta a Firefox versiones anteriores a 80, Firefox ESR versiones anteriores a 78.2, Thunderbird versiones anteriores a 78.2 y Firefox para Android versiones anteriores a 80','HIGH','80.0',NULL,'Mozilla developers reported memory safety bugs present in Firefox for Android 79. Some of these bugs showed evidence of memory corruption and we presume that with enough effort some of these could have been exploited to run arbitrary code. This vulnerability affects Firefox < 80, Firefox ESR < 78.2, Thunderbird < 78.2, and Firefox for Android < 80.'),('CVE-2020-15671','NONE',3.1,'LOW','LOW','Cuando se escribe una contraseña bajo determinadas condiciones, es posible que se haya producido una carrera en la que InputContext no estaba siendo ajustado correctamente para el campo de entrada, resultando en que la contraseña escrita se guardada en el diccionario del teclado.&#xa0;Esta vulnerabilidad afecta a Firefox para Android versiones anteriores a 80','NONE','80.0',NULL,'When typing in a password under certain conditions, a race may have occured where the InputContext was not being correctly set for the input field, resulting in the typed password being saved to the keyboard dictionary. This vulnerability affects Firefox for Android < 80.'),('CVE-2020-1886','HIGH',8.8,'HIGH','HIGH','Un desbordamiento del búfer en WhatsApp para Android versiones anteriores a v2.20.11 y WhatsApp Business para Android versiones anteriores a v2.20.2, podría haber permitido una escritura fuera de límites por medio de una transmisión de video especialmente diseñada después de recibir y responder una videollamada maliciosa','HIGH','2.20.11',NULL,'A buffer overflow in WhatsApp for Android prior to v2.20.11 and WhatsApp Business for Android prior to v2.20.2 could have allowed an out-of-bounds write via a specially crafted video stream after receiving and answering a malicious video call.'),('CVE-2020-1890','NONE',7.5,'HIGH','NONE','Un problema de comprobación de URL en WhatsApp para Android versiones anteriores a v2.20.11 y WhatsApp Business para Android versiones anteriores a v2.20.2, podría haber causado que el destinatario de un mensaje sticker que contenía datos deliberadamente malformados cargara una imagen desde una URL controlada por el remitente sin interacción del usuario','HIGH','2.20.11',NULL,'A URL validation issue in WhatsApp for Android prior to v2.20.11 and WhatsApp Business for Android prior to v2.20.2 could have caused the recipient of a sticker message containing deliberately malformed data to load an image from a sender-controlled URL without user interaction.'),('CVE-2020-1891','HIGH',9.8,'CRITICAL','HIGH','Un parámetro controlado por usuario usado en videollamada en WhatsApp para Android versiones anteriores a v2.20.17, WhatsApp Business para Android versiones anteriores a v2.20.7, WhatsApp para iPhone versiones anteriores a v2.20.20 y WhatsApp Business para iPhone versiones anteriores a v2.20.20, podría haber permitido una escritura fuera de límites en dispositivos de 32 bits','HIGH','2.20.17',NULL,'A user controlled parameter used in video call in WhatsApp for Android prior to v2.20.17, WhatsApp Business for Android prior to v2.20.7, WhatsApp for iPhone prior to v2.20.20, and WhatsApp Business for iPhone prior to v2.20.20 could have allowed an out-of-bounds write on 32-bit devices.'),('CVE-2020-1894','HIGH',8.8,'HIGH','HIGH','Un desbordamiento de escritura de pila en WhatsApp para Android versiones anteriores a v2.20.35, WhatsApp Business para Android versiones anteriores a v2.20.20, WhatsApp para iPhone versiones anteriores a v2.20.30 y WhatsApp Business para iPhone versiones anteriores a v2.20.30, podría haber permitido una ejecución de código arbitraria cuando se reproduce un mensaje push to talk especialmente diseñado','HIGH','2.20.35',NULL,'A stack write overflow in WhatsApp for Android prior to v2.20.35, WhatsApp Business for Android prior to v2.20.20, WhatsApp for iPhone prior to v2.20.30, and WhatsApp Business for iPhone prior to v2.20.30 could have allowed arbitrary code execution when playing a specially crafted push to talk message.'),('CVE-2020-1895','HIGH',7.8,'HIGH','HIGH','Podría presentarse un desbordamiento grande de la pila en Instagram para Android cuando se intenta cargar una imagen con dimensiones especialmente diseñadas. Esto afecta a las versiones anteriores a 128.0.0.26.128.','HIGH','128.0.0.26.128',NULL,'A large heap overflow could occur in Instagram for Android when attempting to upload an image with specially crafted dimensions. This affects versions prior to 128.0.0.26.128.'),('CVE-2020-1905','NONE',3.3,'LOW','LOW','Los URI de Media ContentProvider usados para abrir archivos adjuntos en otras aplicaciones se generaron secuencialmente antes de WhatsApp para Android versión v2.20.185, lo que podría haber permitido que una aplicación de terceros maliciosa elegida para abrir el archivo adivine los URI de los archivos adjuntos abiertos previamente hasta que la aplicación de apertura sea finalizada','NONE','2.20.185',NULL,'Media ContentProvider URIs used for opening attachments in other apps were generated sequentially prior to WhatsApp for Android v2.20.185, which could have allowed a malicious third party app chosen to open the file to guess the URIs for previously opened attachments until the opener app is terminated.'),('CVE-2020-1906','HIGH',7.8,'HIGH','HIGH','Un desbordamiento de búfer en WhatsApp para Android anterior a versión v2.20.130 y WhatsApp Business para Android anterior a versión v2.20.46, podría haber permitido una escritura fuera de límites al procesar videos locales malformados con transmisiones de audio E-AC-3','HIGH','2.20.130',NULL,'A buffer overflow in WhatsApp for Android prior to v2.20.130 and WhatsApp Business for Android prior to v2.20.46 could have allowed an out-of-bounds write when processing malformed local videos with E-AC-3 audio streams.'),('CVE-2020-1907','HIGH',9.8,'CRITICAL','HIGH','Un desbordamiento de pila en WhatsApp para Android anterior a versión v2.20.196.16, WhatsApp Business para Android anterior a versión v2.20.196.12, WhatsApp para iOS anterior a versión v2.20.90, WhatsApp Business para iOS anterior a versión v2.20.90 y WhatsApp para Portal anterior a versión v173.0.0.29.505, podría haber permitido una ejecución de código arbitrario cuando analiza el contenido de un encabezado RTP Extension','HIGH','2.20.196.16',NULL,'A stack overflow in WhatsApp for Android prior to v2.20.196.16, WhatsApp Business for Android prior to v2.20.196.12, WhatsApp for iOS prior to v2.20.90, WhatsApp Business for iOS prior to v2.20.90, and WhatsApp for Portal prior to v173.0.0.29.505 could have allowed arbitrary code execution when parsing the contents of an RTP Extension header.'),('CVE-2020-1910','HIGH',7.8,'HIGH','HIGH','Una falta de comprobación de límites en WhatsApp para Android anterior a la v2.21.1.13 y WhatsApp Business para Android anterior a la versión v2.21.1.13, podría haber permitido la lectura y escritura fuera de límites si un usuario aplicaba filtros de imagen específicos a una imagen especialmente diseñada y enviar la imagen resultante','HIGH','2.21.1.13',NULL,'A missing bounds check in WhatsApp for Android prior to v2.21.1.13 and WhatsApp Business for Android prior to v2.21.1.13 could have allowed out-of-bounds read and write if a user applied specific image filters to a specially crafted image and sent the resulting image.'),('CVE-2020-20094','NONE',6.5,'MEDIUM','NONE','Instagram iOS para iOS versiones 106.0 y anteriores y para Android versiones 107.0.0.11 y versiones anteriores de interfaz de usuario, no representa apropiadamente los mensajes URI para el usuario, lo que resulta en una suplantación de URI por medio de mensajes especialmente diseñados','HIGH',NULL,'107.0.0.11','Instagram iOS 106.0 and prior and Android 107.0.0.11 and prior user interface does not properly represent URI messages to the user, which results in URI spoofing via specially crafted messages'),('CVE-2020-20096','NONE',6.5,'MEDIUM','NONE','Whatsapp iOS 2.19.80 y anteriores y Android 2.19.222 y versiones anteriores de interfaz de usuario, no representa apropiadamente los mensajes URI al usuario, lo que resulta en una suplantación de URI por medio de mensajes especialmente diseñados','HIGH',NULL,'2.19.222','Whatsapp iOS 2.19.80 and prior and Android 2.19.222 and prior user interface does not properly represent URI messages to the user, which results in URI spoofing via specially crafted messages.'),('CVE-2020-26954','NONE',4.3,'MEDIUM','NONE','Al aceptar un intent malicioso de otras aplicaciones instaladas, Firefox para Android aceptó manifiestos de rutas de archivo arbitrarias y permitió declarar manifiestos de aplicaciones web para otros orígenes. Esto podría ser usado para conseguir acceso a la pantalla completa para la suplantación de identidad y también podría conllevar a ataques de tipo cross-origin en sitios web específicos. *Nota: Este problema sólo afectaba a Firefox para Android. Otros sistemas operativos no están afectados. Esta vulnerabilidad afecta a Firefox versiones anteriores a 83','LOW','83.0',NULL,'When accepting a malicious intent from other installed apps, Firefox for Android accepted manifests from arbitrary file paths and allowed declaring webapp manifests for other origins. This could be used to gain fullscreen access for UI spoofing and could also lead to cross-origin attacks on targeted websites. *Note: This issue only affected Firefox for Android. Other operating systems are unaffected.*. This vulnerability affects Firefox < 83.'),('CVE-2020-26955','NONE',6.5,'MEDIUM','NONE','Cuando un usuario descargaba un archivo en Firefox para Android, si una cookie es ajustada, ésta habría sido reenviada durante una operación posterior de descarga de archivos en el mismo dominio, independientemente de si la petición original y posterior se encontraban en modos de navegación privados y no privados. *Nota: Este problema sólo afectaba a Firefox para Android. Los demás sistemas operativos no están afectados.*. Esta vulnerabilidad afecta a Firefox versiones anteriores a 83','HIGH','83.0',NULL,'When a user downloaded a file in Firefox for Android, if a cookie is set, it would have been re-sent during a subsequent file download operation on the same domain, regardless of whether the original and subsequent request were in private and non-private browsing modes. *Note: This issue only affected Firefox for Android. Other operating systems are unaffected.*. This vulnerability affects Firefox < 83.'),('CVE-2020-26957','NONE',6.5,'MEDIUM','NONE','OneCRL no funcionaba en el nuevo Firefox para Android debido a una falta de inicialización del servicio. Esto podría resultar en un fallo en la aplicación de algunas revocaciones de certificados. *Nota: Este problema sólo afectaba a Firefox para Android. Otros sistemas operativos no están afectados.* Esta vulnerabilidad afecta a Firefox versiones anteriores a 83','HIGH','83.0',NULL,'OneCRL was non-functional in the new Firefox for Android due to a missing service initialization. This could result in a failure to enforce some certificate revocations. *Note: This issue only affected Firefox for Android. Other operating systems are unaffected.*. This vulnerability affects Firefox < 83.'),('CVE-2020-26964','NONE',6.8,'MEDIUM','HIGH','Si la funcionalidad Remote Debugging via USB estaba habilitada en Firefox para Android en una versión de Android anterior a Android 6.0, las aplicaciones no confiables podrían haberse conectado a la funcionalidad y operar con los privilegios del navegador para leer e interactuar con el contenido web.&#xa0;La funcionalidad fue implementada como un socket de dominio Unix, protegido por la política SELinux de Android;&#xa0;sin embargo, SELinux no se aplicó para versiones anteriores a 6.0.&#xa0;Esto se corrigió al eliminar la funcionalidad Remote Debugging via USB de los dispositivos afectados.&#xa0;*Nota: este problema solo afectó a Firefox para Android.&#xa0;Otros sistemas operativos no están afectados.*.&#xa0;Esta vulnerabilidad afecta a Firefox versiones anteriores a 83','HIGH','83.0',NULL,'If the Remote Debugging via USB feature was enabled in Firefox for Android on an Android version prior to Android 6.0, untrusted apps could have connected to the feature and operated with the privileges of the browser to read and interact with web content. The feature was implemented as a unix domain socket, protected by the Android SELinux policy; however, SELinux was not enforced for versions prior to 6.0. This was fixed by removing the Remote Debugging via USB feature from affected devices. *Note: This issue only affected Firefox for Android. Other operating systems are unaffected.*. This vulnerability affects Firefox < 83.'),('CVE-2020-26975','NONE',6.5,'MEDIUM','NONE','Cuando una aplicación maliciosa instalada en el dispositivo del usuario transmitió un Intent a Firefox para Android, se podrían haber especificado encabezados arbitrarios, conllevando a ataques como abuso de autoridad ambiental o fijación de sesiones.&#xa0;Esto se resolvió permitiendo solo determinados encabezados en la lista segura.&#xa0;*Nota: este problema solo afectó a Firefox para Android.&#xa0;Otros sistemas operativos no están afectados.*.&#xa0;Esta vulnerabilidad afecta a Firefox versiones anteriores a 84','HIGH','84.0',NULL,'When a malicious application installed on the user\'s device broadcast an Intent to Firefox for Android, arbitrary headers could have been specified, leading to attacks such as abusing ambient authority or session fixation. This was resolved by only allowing certain safe-listed headers. *Note: This issue only affected Firefox for Android. Other operating systems are unaffected.*. This vulnerability affects Firefox < 84.'),('CVE-2020-26977','NONE',6.5,'MEDIUM','NONE','Al intentar conectar un sitio web usando un puerto que no responde, un atacante podría haber controlado el contenido de una pestaña mientras la barra de URL mostraba el dominio original.&#xa0;*Nota: este problema solo afecta a Firefox para Android.&#xa0;Otros sistemas operativos no están afectados.*.&#xa0;Esta vulnerabilidad afecta a Firefox versiones anteriores a 84','HIGH','84.0',NULL,'By attempting to connect a website using an unresponsive port, an attacker could have controlled the content of a tab while the URL bar displayed the original domain. *Note: This issue only affects Firefox for Android. Other operating systems are unaffected.*. This vulnerability affects Firefox < 84.'),('CVE-2020-6829','NONE',5.3,'MEDIUM','LOW','Cuando se lleva a cabo la multiplicación de puntos escalares EC, se usó el algoritmo de multiplicación de puntos wNAF;&#xa0;que filtró información parcial sobre el nonce usado durante la generación de firmas.&#xa0;Dado un rastro electromagnético de unas pocas generaciones de firmas, la clave privada podría haberse calculado.&#xa0;Esta vulnerabilidad afecta a Firefox versiones anteriores a 80 y Firefox para Android versiones anteriores a 80','NONE','80.0',NULL,'When performing EC scalar point multiplication, the wNAF point multiplication algorithm was used; which leaked partial information about the nonce used during signature generation. Given an electro-magnetic trace of a few signature generations, the private key could have been computed. This vulnerability affects Firefox < 80 and Firefox for Android < 80.'),('CVE-2021-23957','NONE',7.4,'HIGH','NONE','Las navegaciones por medio del esquema de URL \"intent\" específico de Android podrían haber sido usado inapropiadamente para escapar del sandbox de iframe.&#xa0;Nota: este problema solo afectó a Firefox para Android.&#xa0;Otros sistemas operativos no están afectados.&#xa0;Esta vulnerabilidad afecta a Firefox versiones anteriores a 85','HIGH','85.0',NULL,'Navigations through the Android-specific `intent` URL scheme could have been misused to escape iframe sandbox. Note: This issue only affected Firefox for Android. Other operating systems are unaffected. This vulnerability affects Firefox < 85.'),('CVE-2021-23959','NONE',6.1,'MEDIUM','LOW','Un bug de tipo XSS en las páginas de error internas podría conllevar a varios ataques de suplantación de identidad, incluyendo otras páginas de error y la barra de direcciones.&#xa0;Nota: este problema solo afectó a Firefox para Android.&#xa0;Otros sistemas operativos no están afectados.&#xa0;Esta vulnerabilidad afecta a Firefox versiones anteriores a 85','LOW','85.0',NULL,'An XSS bug in internal error pages could have led to various spoofing attacks, including other error pages and the address bar. Note: This issue only affected Firefox for Android. Other operating systems are unaffected. This vulnerability affects Firefox < 85.'),('CVE-2021-23976','NONE',8.1,'HIGH','HIGH','Cuando se acepta una intención maliciosa de otras aplicaciones instaladas, Firefox para Android aceptó manifiestos de rutas de archivos arbitrarias y permitió declarar manifiestos de aplicaciones web para otros orígenes.&#xa0;Esto podría usarse para conseguir acceso a pantalla completa para la suplantación de la interfaz de usuario y también podría conllevar a ataques de origen cruzado en sitios web específicos.&#xa0;Nota: Este problema es diferente de CVE-2020-26954 y solo afecta a Firefox para Android.&#xa0;Otros sistemas operativos no están afectados.&#xa0;Esta vulnerabilidad afecta a Firefox versiones anteriores a 86','HIGH','86.0',NULL,'When accepting a malicious intent from other installed apps, Firefox for Android accepted manifests from arbitrary file paths and allowed declaring webapp manifests for other origins. This could be used to gain fullscreen access for UI spoofing and could also lead to cross-origin attacks on targeted websites. Note: This issue is a different issue from CVE-2020-26954 and only affected Firefox for Android. Other operating systems are unaffected. This vulnerability affects Firefox < 86.'),('CVE-2021-23977','NONE',5.3,'MEDIUM','HIGH','Firefox para Android sufrió una vulnerabilidad de tipo time-of-check-time-of-use que permitía a una aplicación maliciosa leer datos confidenciales desde los directorios de la  aplicación.&#xa0;Nota: este problema solo afecta a Firefox para Android.&#xa0;Otros sistemas operativos no están afectados.&#xa0;Esta vulnerabilidad afecta a Firefox versiones anteriores a 86','NONE','86.0',NULL,'Firefox for Android suffered from a time-of-check-time-of-use vulnerability that allowed a malicious application to read sensitive data from application directories. Note: This issue is only affected Firefox for Android. Other operating systems are unaffected. This vulnerability affects Firefox < 86.'),('CVE-2021-24026','HIGH',9.8,'CRITICAL','HIGH','Una falta de comprobación de límites dentro de la tubería de decodificación de audio para llamadas de WhatsApp en WhatsApp para Android versiones anteriores a v2.21.3, WhatsApp Business para Android versiones anteriores a v2.21.3, WhatsApp para iOS versiones anteriores a v2.21.32 y WhatsApp Business para iOS versiones anteriores a v2. 21.32, podría haber permitido una escritura fuera de límites','HIGH','2.21.3',NULL,'A missing bounds check within the audio decoding pipeline for WhatsApp calls in WhatsApp for Android prior to v2.21.3, WhatsApp Business for Android prior to v2.21.3, WhatsApp for iOS prior to v2.21.32, and WhatsApp Business for iOS prior to v2.21.32 could have allowed an out-of-bounds write.'),('CVE-2021-24027','NONE',7.5,'HIGH','HIGH','Un problema de configuración de caché anterior a WhatsApp para Android versión v2.21.4.18 y WhatsApp Business para Android versión v2.21.4.18, puede haber permitido a un tercero con acceso al almacenamiento externo del dispositivo leer material TLS almacenado en caché','NONE','2.21.4.18',NULL,'A cache configuration issue prior to WhatsApp for Android v2.21.4.18 and WhatsApp Business for Android v2.21.4.18 may have allowed a third party with access to the device’s external storage to read cached TLS material.'),('CVE-2021-24041','HIGH',9.8,'CRITICAL','HIGH','Una comprobación de límites faltante en el código de desenfoque de imágenes anterior a WhatsApp para Android v2.21.22.7 y WhatsApp Business para Android v2.21.22.7 podría haber permitido una escritura fuera de límites si un usuario enviaba una imagen maliciosa','HIGH','2.21.22.7',NULL,'A missing bounds check in image blurring code prior to WhatsApp for Android v2.21.22.7 and WhatsApp Business for Android v2.21.22.7 could have allowed an out-of-bounds write if a user sent a malicious image.'),('CVE-2021-27351','NONE',5.3,'MEDIUM','NONE','La funcionalidad Terminate Session en la aplicación Telegram hasta la versión 7.2.1 para Android, y hasta la versión 2.4.7 para Windows y UNIX, presenta una fallo al invalidar una sesión activa recientemente','LOW',NULL,'7.2.1','The Terminate Session feature in the Telegram application through 7.2.1 for Android, and through 2.4.7 for Windows and UNIX, fails to invalidate a recently active session.'),('CVE-2021-29952','HIGH',7.5,'HIGH','HIGH','Cuando se destruían los componentes de Web Render, una condición de carrera podría haber causado un comportamiento indefinido, y presumimos que con suficiente esfuerzo podría haber sido explotable para ejecutar código arbitrario. Esta vulnerabilidad afecta a Firefox versiones anteriores a 88.0.1 y a Firefox para Android versiones anteriores a 88.1.3','HIGH','88.1.3',NULL,'When Web Render components were destructed, a race condition could have caused undefined behavior, and we presume that with enough effort may have been exploitable to run arbitrary code. This vulnerability affects Firefox < 88.0.1 and Firefox for Android < 88.1.3.'),('CVE-2021-29953','NONE',6.1,'MEDIUM','LOW','Una página web maliciosa podría haber forzado a un usuario de Firefox para Android a ejecutar JavaScript controlado por el atacante en el contexto de otro dominio, resultando en una vulnerabilidad de tipo Universal Cross-Site Scripting . *Nota: Este problema sólo afecta a Firefox para Android. Otros sistemas operativos no están afectados. Se están reteniendo temporalmente más detalles para dar a usuarios la oportunidad de actualizarse. Esta vulnerabilidad afecta a Firefox versiones anteriores a 88.0.1 y a Firefox para Android versiones anteriores a 88.1.3','LOW','88.1.3',NULL,'A malicious webpage could have forced a Firefox for Android user into executing attacker-controlled JavaScript in the context of another domain, resulting in a Universal Cross-Site Scripting vulnerability. *Note: This issue only affected Firefox for Android. Other operating systems are unaffected. Further details are being temporarily withheld to allow users an opportunity to update.*. This vulnerability affects Firefox < 88.0.1 and Firefox for Android < 88.1.3.'),('CVE-2021-29962','LOW',4.3,'MEDIUM','NONE','Firefox para Android se volvía inestable y difícil de recuperar cuando un sitio web abría demasiadas ventanas emergentes. *Este bug sólo afecta a Firefox para Android. Otros sistemas operativos no están afectados.*. Esta vulnerabilidad afecta a Firefox versiones anteriores a 89','NONE','89.0',NULL,'Firefox for Android would become unstable and hard-to-recover when a website opened too many popups. *This bug only affects Firefox for Android. Other operating systems are unaffected.*. This vulnerability affects Firefox < 89.'),('CVE-2021-29963','NONE',4.3,'MEDIUM','NONE','Las sugerencias de búsqueda de la barra de direcciones en el modo de navegación privada reusaban los datos de la sesión del modo normal. *Este bug sólo afecta a Firefox para Android. Otros sistemas operativos no están afectados*. Esta vulnerabilidad afecta a Firefox versiones anteriores a 89','LOW','89.0',NULL,'Address bar search suggestions in private browsing mode were re-using session data from normal mode. *This bug only affects Firefox for Android. Other operating systems are unaffected.*. This vulnerability affects Firefox < 89.'),('CVE-2021-29965','NONE',5.3,'MEDIUM','NONE','Un sitio web malicioso que causa que se genere un diálogo de autenticación HTTP podría engañar al gestor de contraseñas integrado para sugerir contraseñas para el sitio web actualmente activo en lugar del sitio web que desencadenó el diálogo. *Este bug sólo afecta a Firefox para Android. Otros sistemas operativos no están afectados. Esta vulnerabilidad afecta a Firefox versiones anteriores a 89','LOW','89.0',NULL,'A malicious website that causes an HTTP Authentication dialog to be spawned could trick the built-in password manager to suggest passwords for the currently active website instead of the website that triggered the dialog. *This bug only affects Firefox for Android. Other operating systems are unaffected.*. This vulnerability affects Firefox < 89.'),('CVE-2021-29971','HIGH',9.8,'CRITICAL','HIGH','Si un usuario ha concedido un permiso a una página web y ha guardado esa concesión, cualquier página web que se ejecute en el mismo host -independientemente del esquema o del puerto- recibirá ese permiso. *Este bug sólo afecta a Firefox para Android. Otros sistemas operativos no se ven afectados*. Esta vulnerabilidad afecta a Firefox versiones anteriores a 90','HIGH','90.0',NULL,'If a user had granted a permission to a webpage and saved that grant, any webpage running on the same host - irrespective of scheme or port - would be granted that permission. *This bug only affects Firefox for Android. Other operating systems are unaffected.*. This vulnerability affects Firefox < 90.'),('CVE-2021-29973','HIGH',8.8,'HIGH','HIGH','El autocompletado de contraseñas se activaba sin la interacción del usuario en sitios web no seguros en Firefox para Android. Esto fue corregido para requerir la interacción del usuario con la página antes de que la contraseña de un usuario fuera introducida por la funcionalidad autofill del navegador *Este bug solo afecta a Firefox para Android. Otros sistemas operativos no están afectados*. Esta vulnerabilidad afecta a Firefox versiones anteriores a 90','HIGH','90.0',NULL,'Password autofill was enabled without user interaction on insecure websites on Firefox for Android. This was corrected to require user interaction with the page before a user\'s password would be entered by the browser\'s autofill functionality *This bug only affects Firefox for Android. Other operating systems are unaffected.*. This vulnerability affects Firefox < 90.'),('CVE-2021-29993','HIGH',8.1,'HIGH','NONE','Firefox para Android permitía una navegación mediante el protocolo \"intent://\", lo que podía ser usado para causar bloqueos y falsificaciones de la Interfaz de Usuario. *Este bug sólo afecta a Firefox para Android. Otros sistemas operativos no están afectados*. Esta vulnerabilidad afecta a Firefox versiones anteriores a 92','HIGH','92.0',NULL,'Firefox for Android allowed navigations through the `intent://` protocol, which could be used to cause crashes and UI spoofs. *This bug only affects Firefox for Android. Other operating systems are unaffected.*. This vulnerability affects Firefox < 92.'),('CVE-2021-31315','NONE',5.5,'MEDIUM','HIGH','Telegram Android versiones anteriores a 7.1,.0 (2090), Telegram iOS versiones anteriores a 7.1, y Telegram macOS versiones anteriores a 7.1, están afectados por un Desbordamiento en la región Stack de la Memoria en la función blit de su derivación personalizada de la biblioteca rlottie.&#xa0;Un atacante remoto podría acceder a la memoria de pila de Telegram fuera de límites en un dispositivo víctima por medio de una etiqueta animada maliciosa','NONE','7.1.0',NULL,'Telegram Android <7.1.0 (2090), Telegram iOS <7.1, and Telegram macOS <7.1 are affected by a Stack Based Overflow in the blit function of their custom fork of the rlottie library. A remote attacker might be able to access Telegram\'s stack memory out-of-bounds on a victim device via a malicious animated sticker.'),('CVE-2021-31317','NONE',5.5,'MEDIUM','HIGH','Telegram Android versiones anteriores a 7.1,.0 (2090), Telegram iOS versiones anteriores a 7.1, y Telegram macOS versiones anteriores a 7.1, están afectados por una Confusión de Tipos en el constructor de VDasher de su derivación personalizada de la biblioteca rlottie.&#xa0;Un atacante remoto podría acceder a la memoria de la pila de Telegram fuera de límites en un dispositivo víctima por medio de una pegatina animada maliciosa','NONE','7.1.0',NULL,'Telegram Android <7.1.0 (2090), Telegram iOS <7.1, and Telegram macOS <7.1 are affected by a Type Confusion in the VDasher constructor of their custom fork of the rlottie library. A remote attacker might be able to access Telegram\'s heap memory out-of-bounds on a victim device via a malicious animated sticker.'),('CVE-2021-31318','NONE',5.5,'MEDIUM','HIGH','Telegram Android versiones anteriores a 7.1,.0 (2090), Telegram iOS versiones anteriores a 7.1, y Telegram macOS versiones anteriores a 7.1, están afectados por una Confusión de Tipos en la función LOTCompLayerItem::LOTCompLayerItem de su derivación personalizada de la biblioteca rlottie.&#xa0;Un atacante remoto podría acceder a la memoria de la pila fuera de límites en un dispositivo víctima por medio de una etiqueta animada maliciosa','NONE','7.1.0',NULL,'Telegram Android <7.1.0 (2090), Telegram iOS <7.1, and Telegram macOS <7.1 are affected by a Type Confusion in the LOTCompLayerItem::LOTCompLayerItem function of their custom fork of the rlottie library. A remote attacker might be able to access heap memory out-of-bounds on a victim device via a malicious animated sticker.'),('CVE-2021-31319','NONE',5.5,'MEDIUM','HIGH','Telegram Android versiones anteriores a 7.1,.0 (2090), Telegram iOS versiones anteriores a 7.1, y Telegram macOS versiones anteriores a 7.1, están afectados por un Desbordamiento de Enteros en la función LOTGradient::populate de su derivación personalizada de la biblioteca rlottie.&#xa0;Un atacante remoto podría acceder a la memoria de la pila fuera de límites en un dispositivo víctima por medio de una etiqueta animada maliciosa','NONE','7.1.0',NULL,'Telegram Android <7.1.0 (2090), Telegram iOS <7.1, and Telegram macOS <7.1 are affected by an Integer Overflow in the LOTGradient::populate function of their custom fork of the rlottie library. A remote attacker might be able to access heap memory out-of-bounds on a victim device via a malicious animated sticker.'),('CVE-2021-31320','HIGH',7.1,'HIGH','NONE','Telegram Android versiones anteriores a 7.1,.0 (2090), Telegram iOS versiones anteriores a 7.1, y Telegram macOS versiones anteriores a 7.1, están afectados por una vulnerabilidad de Desbordamiento del Búfer en la región Heap de la memoria en la función VGradientCache::generateGradientColorTable de su derivación personalizada de la biblioteca rlottie.&#xa0;Un atacante remoto podría sobrescribir la memoria de la pila fuera de límites en un dispositivo víctima por medio de una etiqueta animada maliciosa','HIGH','7.1.0',NULL,'Telegram Android <7.1.0 (2090), Telegram iOS <7.1, and Telegram macOS <7.1 are affected by a Heap Buffer Overflow in the VGradientCache::generateGradientColorTable function of their custom fork of the rlottie library. A remote attacker might be able to overwrite heap memory out-of-bounds on a victim device via a malicious animated sticker.'),('CVE-2021-31321','HIGH',7.1,'HIGH','NONE','Telegram Android versiones anteriores a 7.1,.0 (2090), Telegram iOS versiones anteriores a 7.1, y Telegram macOS versiones anteriores a 7.1, están afectados por un Desbordamiento en la región Stack de la Memoria en la función gray_split_cubic de su derivación personalizada de la biblioteca rlottie.&#xa0;Un atacante remoto podría sobrescribir la memoria de pila de Telegram fuera de límites en un dispositivo víctima por medio de una pegatina animada maliciosa','HIGH','7.1.0',NULL,'Telegram Android <7.1.0 (2090), Telegram iOS <7.1, and Telegram macOS <7.1 are affected by a Stack Based Overflow in the gray_split_cubic function of their custom fork of the rlottie library. A remote attacker might be able to overwrite Telegram\'s stack memory out-of-bounds on a victim device via a malicious animated sticker.'),('CVE-2021-31322','NONE',5.5,'MEDIUM','HIGH','Telegram Android versiones anteriores a 7.1,.0 (2090), Telegram iOS versiones anteriores a 7.1, y Telegram macOS versiones anteriores a 7.1, están afectados por una vulnerabilidad de Desbordamiento del Búfer en la región Heap de la memoria en la función LOTGradient::populate de su derivación personalizada de la biblioteca rlottie.&#xa0;Un atacante remoto podría acceder a la memoria de la pila fuera de límites en un dispositivo víctima por medio de una etiqueta animada maliciosa','NONE','7.1.0',NULL,'Telegram Android <7.1.0 (2090), Telegram iOS <7.1, and Telegram macOS <7.1 are affected by a Heap Buffer Overflow in the LOTGradient::populate function of their custom fork of the rlottie library. A remote attacker might be able to access heap memory out-of-bounds on a victim device via a malicious animated sticker.'),('CVE-2021-31323','NONE',5.5,'MEDIUM','HIGH','Telegram Android versiones anteriores a 7.1,.0 (2090), Telegram iOS versiones anteriores a 7.1, y Telegram macOS versiones anteriores a 7.1,, están afectados por una vulnerabilidad de Desbordamiento del Búfer en la región Heap de la memoria en la función LottieParserImpl::parseDashProperty de su derivación personalizada de la biblioteca rlottie.&#xa0;Un atacante remoto podría acceder a la memoria de la pila fuera de límites en un dispositivo víctima por medio de una etiqueta animada maliciosa','NONE','7.1.0',NULL,'Telegram Android <7.1.0 (2090), Telegram iOS <7.1, and Telegram macOS <7.1 are affected by a Heap Buffer Overflow in the LottieParserImpl::parseDashProperty function of their custom fork of the rlottie library. A remote attacker might be able to access heap memory out-of-bounds on a victim device via a malicious animated sticker.'),('CVE-2021-36769','NONE',5.3,'MEDIUM','NONE','Se presenta un problema de reordenación en Telegram versiones anteriores a 7.8.1 para Android, Telegram versiones anteriores a 7.8.3 para iOS y Telegram Desktop versiones anteriores a 2.8.8. Un atacante puede causar al servidor recibir mensajes en un orden diferente al que se envió al cliente','LOW','7.8.1',NULL,'A reordering issue exists in Telegram before 7.8.1 for Android, Telegram before 7.8.3 for iOS, and Telegram Desktop before 2.8.8. An attacker can cause the server to receive messages in a different order than they were sent a client.'),('CVE-2022-21965','HIGH',7.5,'HIGH','NONE','Una Vulnerabilidad de Denegación de Servicio en Microsoft Teams','NONE',NULL,NULL,'Microsoft Teams Denial of Service Vulnerability'),('CVE-2022-23255','NONE',5.9,'MEDIUM','HIGH','Una Vulnerabilidad de la función de seguridad de Microsoft OneDrive para Android','HIGH',NULL,NULL,'Microsoft OneDrive for Android Security Feature Bypass Vulnerability'),('CVE-2022-26485','HIGH',8.8,'HIGH','HIGH','La eliminación de un parámetro XSLT durante el procesamiento podría haber dado lugar a un use-after-free explotable. Hemos recibido informes de ataques en la naturaleza que abusan de esta falla. Esta vulnerabilidad afecta a Firefox &lt; 97.0.2, Firefox ESR &lt; 91.6.1, Firefox para Android &lt; 97.3.0, Thunderbird &lt; 91.6.2 y Focus &lt; 97.3.0.','HIGH','97.3.0',NULL,'Removing an XSLT parameter during processing could have lead to an exploitable use-after-free. We have had reports of attacks in the wild abusing this flaw. This vulnerability affects Firefox < 97.0.2, Firefox ESR < 91.6.1, Firefox for Android < 97.3.0, Thunderbird < 91.6.2, and Focus < 97.3.0.'),('CVE-2022-26486','HIGH',9.6,'CRITICAL','HIGH','Un mensaje inesperado en el framework IPC de WebGPU podría provocar un escape de la sandbox explotable y de use-after-free. Hemos recibido informes de ataques en la naturaleza que abusan de esta falla. Esta vulnerabilidad afecta a Firefox &lt; 97.0.2, Firefox ESR &lt; 91.6.1, Firefox para Android &lt; 97.3.0, Thunderbird &lt; 91.6.2 y Focus &lt; 97.3.0.','HIGH','97.3.0',NULL,'An unexpected message in the WebGPU IPC framework could lead to a use-after-free and exploitable sandbox escape. We have had reports of attacks in the wild abusing this flaw. This vulnerability affects Firefox < 97.0.2, Firefox ESR < 91.6.1, Firefox for Android < 97.3.0, Thunderbird < 91.6.2, and Focus < 97.3.0.'),('CVE-2022-26903','HIGH',7.8,'HIGH','HIGH','Una vulnerabilidad de Ejecución de Código Remota en Windows Graphics Component','HIGH',NULL,NULL,'Windows Graphics Component Remote Code Execution Vulnerability'),('CVE-2022-27492','HIGH',7.8,'HIGH','HIGH','Un desbordamiento de enteros en WhatsApp podría haber causado una ejecución de código remota cuando es recibido un archivo de vídeo diseñado.','HIGH','2.22.16.2',NULL,'An integer underflow in WhatsApp could have caused remote code execution when receiving a crafted video file.'),('CVE-2022-28755','NONE',6.1,'MEDIUM','LOW','Zoom Client for Meetings (para Android, iOS, Linux, macOS y Windows) versiones anteriores a 5.11.0, es susceptible de una vulnerabilidad de análisis de URL. Si es abierta una URL de reunión de Zoom maliciosa, el enlace malicioso puede dirigir al usuario a conectarse a una dirección de red arbitraria, lo que conlleva ataques adicionales, incluyendo la posibilidad de ejecución de código remoto mediante el lanzamiento de ejecutables desde rutas arbitrarias','LOW','5.11.0',NULL,'The Zoom Client for Meetings (for Android, iOS, Linux, macOS, and Windows) before version 5.11.0 are susceptible to a URL parsing vulnerability. If a malicious Zoom meeting URL is opened, the malicious link may direct the user to connect to an arbitrary network address, leading to additional attacks including the potential for remote code execution through launching executables from arbitrary paths.'),('CVE-2022-28799','HIGH',8.8,'HIGH','HIGH','La aplicación TikTok antes de la versión 23.7.3 para Android permite la toma de posesión de cuentas. Una URL crafteada (deeplink no validado) puede forzar el com.zhiliaoapp.musically WebView a cargar un sitio web arbitrario. Esto puede permitir a un atacante aprovechar una interfaz JavaScript adjunta para la toma de posesión con un solo clic.','HIGH','23.7.3',NULL,'The TikTok application before 23.7.3 for Android allows account takeover. A crafted URL (unvalidated deeplink) can force the com.zhiliaoapp.musically WebView to load an arbitrary website. This may allow an attacker to leverage an attached JavaScript interface for the takeover with one click.'),('CVE-2022-35290','NONE',7.5,'HIGH','HIGH','En determinadas condiciones, SAP Authenticator para Android permite a un atacante acceder a información que de otro modo estaría restringida','NONE','1.2.17',NULL,'Under certain conditions SAP Authenticator for Android allows an attacker to access information which would otherwise be restricted.'),('CVE-2022-36928','NONE',7.1,'HIGH','HIGH','Zoom for Android clients before version 5.13.0 contain a path traversal vulnerability. A third party app could exploit this vulnerability to read and write to the Zoom application data directory.','HIGH','5.13.0',NULL,'Zoom for Android clients before version 5.13.0 contain a path traversal vulnerability. A third party app could exploit this vulnerability to read and write to the Zoom application data directory.'),('CVE-2022-38474','NONE',4.3,'MEDIUM','NONE','Un sitio web que tuviera permiso para acceder al micrófono podría grabar audio sin que se mostrara la notificación de audio. Este error no permite que el atacante omita la solicitud de permiso; solo afecta la notificación que se muestra una vez que se ha otorgado el permiso.<br>*Este error solo afecta a Firefox para Android. Otros sistemas operativos no se ven afectados.*. Esta vulnerabilidad afecta a Firefox &lt; 104.','LOW','104.0',NULL,'A website that had permission to access the microphone could record audio without the audio notification being shown. This bug does not allow the attacker to bypass the permission prompt - it only affects the notification shown once permission has been granted.<br />*This bug only affects Firefox for Android. Other operating systems are unaffected.*. This vulnerability affects Firefox < 104.'),('CVE-2023-21721','NONE',6.5,'MEDIUM','NONE','Microsoft OneNote Elevation of Privilege Vulnerability','HIGH','16.0.16026.20158',NULL,'Microsoft OneNote Elevation of Privilege Vulnerability'),('CVE-2023-23600','NONE',6.5,'MEDIUM','HIGH','Per origin notification permissions were being stored in a way that didn\'t take into account what browsing context the permission was granted in. This lead to the possibility of notifications to be displayed during different browsing sessions.<br>*This bug only affects Firefox for Android. Other operating systems are unaffected.*. This vulnerability affects Firefox < 109.','NONE','109.0',NULL,'Per origin notification permissions were being stored in a way that didn\'t take into account what browsing context the permission was granted in. This lead to the possibility of notifications to be displayed during different browsing sessions.<br>*This bug only affects Firefox for Android. Other operating systems are unaffected.*. This vulnerability affects Firefox < 109.'),('CVE-2023-24910','HIGH',7.8,'HIGH','HIGH','Windows Graphics Component Elevation of Privilege Vulnerability','HIGH',NULL,NULL,'Windows Graphics Component Elevation of Privilege Vulnerability'),('CVE-2023-24923','NONE',5.5,'MEDIUM','HIGH','Microsoft OneDrive for Android Information Disclosure Vulnerability','NONE','6.73',NULL,'Microsoft OneDrive for Android Information Disclosure Vulnerability'),('CVE-2023-25747','HIGH',7.5,'HIGH','NONE','A potential use-after-free in libaudio was fixed by disabling the AAudio backend when running on Android API below version 30.\n*This bug only affects Firefox for Android. Other versions of Firefox are unaffected.* This vulnerability affects Firefox for Android < 110.1.0.','NONE','110.1',NULL,'A potential use-after-free in libaudio was fixed by disabling the AAudio backend when running on Android API below version 30.\n*This bug only affects Firefox for Android. Other versions of Firefox are unaffected.* This vulnerability affects Firefox for Android < 110.1.0.'),('CVE-2023-25748','NONE',4.3,'MEDIUM','NONE','By displaying a prompt with a long description, the fullscreen notification could have been hidden, resulting in potential user confusion or spoofing attacks. <br>*This bug only affects Firefox for Android. Other operating systems are unaffected.*. This vulnerability affects Firefox < 111.','LOW','111.0',NULL,'By displaying a prompt with a long description, the fullscreen notification could have been hidden, resulting in potential user confusion or spoofing attacks. <br>*This bug only affects Firefox for Android. Other operating systems are unaffected.*. This vulnerability affects Firefox < 111.'),('CVE-2023-25749','NONE',4.3,'MEDIUM','NONE','Android applications with unpatched vulnerabilities can be launched from a browser using Intents, exposing users to these vulnerabilities. Firefox will now confirm with users that they want to launch an external application before doing so. <br>*This bug only affects Firefox for Android. Other versions of Firefox are unaffected.*. This vulnerability affects Firefox < 111.','LOW','111.0',NULL,'Android applications with unpatched vulnerabilities can be launched from a browser using Intents, exposing users to these vulnerabilities. Firefox will now confirm with users that they want to launch an external application before doing so. <br>*This bug only affects Firefox for Android. Other versions of Firefox are unaffected.*. This vulnerability affects Firefox < 111.'),('CVE-2023-28159','NONE',4.3,'MEDIUM','NONE','The fullscreen notification could have been hidden on Firefox for Android by using download popups, resulting in potential user confusion or spoofing attacks. <br>*This bug only affects Firefox for Android. Other operating systems are unaffected.*. This vulnerability affects Firefox < 111.','LOW','111.0',NULL,'The fullscreen notification could have been hidden on Firefox for Android by using download popups, resulting in potential user confusion or spoofing attacks. <br>*This bug only affects Firefox for Android. Other operating systems are unaffected.*. This vulnerability affects Firefox < 111.'),('CVE-2023-28597','HIGH',7.5,'HIGH','HIGH','Zoom clients prior to 5.13.5 contain an improper trust boundary implementation vulnerability. If a victim saves a local recording to an SMB location and later opens it using a link from Zoom’s web portal, an attacker positioned on an adjacent network to the victim client could set up a malicious SMB server to respond to client requests, causing the client to execute attacker controlled executables. This could result in an attacker gaining access to a user\'s device and data, and remote code execution.','HIGH','5.13.5',NULL,'Zoom clients prior to 5.13.5 contain an improper trust boundary implementation vulnerability. If a victim saves a local recording to an SMB location and later opens it using a link from Zoom’s web portal, an attacker positioned on an adjacent network to the victim client could set up a malicious SMB server to respond to client requests, causing the client to execute attacker controlled executables. This could result in an attacker gaining access to a user\'s device and data, and remote code execution.'),('CVE-2023-28599','NONE',4.3,'MEDIUM','NONE','Zoom clients prior to 5.13.10 contain an HTML injection vulnerability.  A malicious user could inject HTML into  their display name potentially leading a victim to a malicious website during meeting creation.\n\n','LOW','5.13.10',NULL,'Zoom clients prior to 5.13.10 contain an HTML injection vulnerability.  A malicious user could inject HTML into  their display name potentially leading a victim to a malicious website during meeting creation.\n\n'),('CVE-2023-29328','HIGH',8.8,'HIGH','HIGH','Microsoft Teams Remote Code Execution Vulnerability','HIGH','1.0.0.2023070204',NULL,'Microsoft Teams Remote Code Execution Vulnerability'),('CVE-2023-29330','HIGH',8.8,'HIGH','HIGH','Microsoft Teams Remote Code Execution Vulnerability','HIGH','1.0.0.2023070204',NULL,'Microsoft Teams Remote Code Execution Vulnerability'),('CVE-2023-29533','NONE',4.3,'MEDIUM','NONE','A website could have obscured the fullscreen notification by using a combination of <code>window.open</code>, fullscreen requests, <code>window.name</code> assignments, and <code>setInterval</code> calls. This could have led to user confusion and possible spoofing attacks. This vulnerability affects Firefox < 112, Focus for Android < 112, Firefox ESR < 102.10, Firefox for Android < 112, and Thunderbird < 102.10.','LOW','112.0',NULL,'A website could have obscured the fullscreen notification by using a combination of <code>window.open</code>, fullscreen requests, <code>window.name</code> assignments, and <code>setInterval</code> calls. This could have led to user confusion and possible spoofing attacks. This vulnerability affects Firefox < 112, Focus for Android < 112, Firefox ESR < 102.10, Firefox for Android < 112, and Thunderbird < 102.10.'),('CVE-2023-29534','NONE',9.1,'CRITICAL','HIGH','Different techniques existed to obscure the fullscreen notification in Firefox and Focus for Android.  These could have led to potential user confusion and spoofing attacks.\n\n*This bug only affects Firefox and Focus for Android. Other versions of Firefox are unaffected.* This vulnerability affects Firefox for Android < 112 and Focus for Android < 112.\n\n','HIGH','112.0',NULL,'Different techniques existed to obscure the fullscreen notification in Firefox and Focus for Android.  These could have led to potential user confusion and spoofing attacks.\n\n*This bug only affects Firefox and Focus for Android. Other versions of Firefox are unaffected.* This vulnerability affects Firefox for Android < 112 and Focus for Android < 112.\n\n'),('CVE-2023-29535','HIGH',6.5,'MEDIUM','NONE','Following a Garbage Collector compaction, weak maps may have been accessed before they were correctly traced. This resulted in memory corruption and a potentially exploitable crash. This vulnerability affects Firefox < 112, Focus for Android < 112, Firefox ESR < 102.10, Firefox for Android < 112, and Thunderbird < 102.10.','NONE','112.0',NULL,'Following a Garbage Collector compaction, weak maps may have been accessed before they were correctly traced. This resulted in memory corruption and a potentially exploitable crash. This vulnerability affects Firefox < 112, Focus for Android < 112, Firefox ESR < 102.10, Firefox for Android < 112, and Thunderbird < 102.10.'),('CVE-2023-29536','HIGH',8.8,'HIGH','HIGH','An attacker could cause the memory manager to incorrectly free a pointer that addresses attacker-controlled memory, resulting in an assertion, memory corruption, or a potentially exploitable crash. This vulnerability affects Firefox < 112, Focus for Android < 112, Firefox ESR < 102.10, Firefox for Android < 112, and Thunderbird < 102.10.','HIGH','112.0',NULL,'An attacker could cause the memory manager to incorrectly free a pointer that addresses attacker-controlled memory, resulting in an assertion, memory corruption, or a potentially exploitable crash. This vulnerability affects Firefox < 112, Focus for Android < 112, Firefox ESR < 102.10, Firefox for Android < 112, and Thunderbird < 102.10.'),('CVE-2023-29537','HIGH',7.5,'HIGH','HIGH','Multiple race conditions in the font initialization could have led to memory corruption and execution of attacker-controlled code. This vulnerability affects Firefox for Android < 112, Firefox < 112, and Focus for Android < 112.','HIGH','112.0',NULL,'Multiple race conditions in the font initialization could have led to memory corruption and execution of attacker-controlled code. This vulnerability affects Firefox for Android < 112, Firefox < 112, and Focus for Android < 112.'),('CVE-2023-29538','NONE',4.3,'MEDIUM','LOW','Under specific circumstances a WebExtension may have received a <code>jar:file:///</code> URI instead of a <code>moz-extension:///</code> URI during a load request. This leaked directory paths on the user\'s machine. This vulnerability affects Firefox for Android < 112, Firefox < 112, and Focus for Android < 112.','NONE','112.0',NULL,'Under specific circumstances a WebExtension may have received a <code>jar:file:///</code> URI instead of a <code>moz-extension:///</code> URI during a load request. This leaked directory paths on the user\'s machine. This vulnerability affects Firefox for Android < 112, Firefox < 112, and Focus for Android < 112.'),('CVE-2023-29539','HIGH',8.8,'HIGH','HIGH','When handling the filename directive in the Content-Disposition header, the filename would be truncated if the filename contained a NULL character. This could have led to reflected file download attacks potentially tricking users to install malware. This vulnerability affects Firefox < 112, Focus for Android < 112, Firefox ESR < 102.10, Firefox for Android < 112, and Thunderbird < 102.10.','HIGH','112.0',NULL,'When handling the filename directive in the Content-Disposition header, the filename would be truncated if the filename contained a NULL character. This could have led to reflected file download attacks potentially tricking users to install malware. This vulnerability affects Firefox < 112, Focus for Android < 112, Firefox ESR < 102.10, Firefox for Android < 112, and Thunderbird < 102.10.'),('CVE-2023-29540','NONE',6.1,'MEDIUM','LOW','Using a redirect embedded into <code>sourceMappingUrls</code> could allow for navigation to external protocol links in sandboxed iframes without <code>allow-top-navigation-to-custom-protocols</code>. This vulnerability affects Firefox for Android < 112, Firefox < 112, and Focus for Android < 112.','LOW','112.0',NULL,'Using a redirect embedded into <code>sourceMappingUrls</code> could allow for navigation to external protocol links in sandboxed iframes without <code>allow-top-navigation-to-custom-protocols</code>. This vulnerability affects Firefox for Android < 112, Firefox < 112, and Focus for Android < 112.'),('CVE-2023-29541','HIGH',8.8,'HIGH','HIGH','Firefox did not properly handle downloads of files ending in <code>.desktop</code>, which can be interpreted to run attacker-controlled commands. <br>*This bug only affects Firefox for Linux on certain Distributions. Other operating systems are unaffected, and Mozilla is unable to enumerate all affected Linux Distributions.*. This vulnerability affects Firefox < 112, Focus for Android < 112, Firefox ESR < 102.10, Firefox for Android < 112, and Thunderbird < 102.10.','HIGH','112.0',NULL,'Firefox did not properly handle downloads of files ending in <code>.desktop</code>, which can be interpreted to run attacker-controlled commands. <br>*This bug only affects Firefox for Linux on certain Distributions. Other operating systems are unaffected, and Mozilla is unable to enumerate all affected Linux Distributions.*. This vulnerability affects Firefox < 112, Focus for Android < 112, Firefox ESR < 102.10, Firefox for Android < 112, and Thunderbird < 102.10.'),('CVE-2023-29543','HIGH',8.8,'HIGH','HIGH','An attacker could have caused memory corruption and a potentially exploitable use-after-free of a pointer in a global object\'s debugger vector. This vulnerability affects Firefox for Android < 112, Firefox < 112, and Focus for Android < 112.','HIGH','112.0',NULL,'An attacker could have caused memory corruption and a potentially exploitable use-after-free of a pointer in a global object\'s debugger vector. This vulnerability affects Firefox for Android < 112, Firefox < 112, and Focus for Android < 112.'),('CVE-2023-29544','HIGH',6.5,'MEDIUM','NONE','If multiple instances of resource exhaustion occurred at the incorrect time, the garbage collector could have caused memory corruption and a potentially exploitable crash. This vulnerability affects Firefox for Android < 112, Firefox < 112, and Focus for Android < 112.','NONE','112.0',NULL,'If multiple instances of resource exhaustion occurred at the incorrect time, the garbage collector could have caused memory corruption and a potentially exploitable crash. This vulnerability affects Firefox for Android < 112, Firefox < 112, and Focus for Android < 112.'),('CVE-2023-29546','NONE',6.5,'MEDIUM','HIGH','When recording the screen while in Private Browsing on Firefox for Android the address bar and keyboard were not hidden, potentially leaking sensitive information. \n\n*This bug only affects Firefox for Android. Other operating systems are unaffected.* This vulnerability affects Firefox for Android < 112 and Focus for Android < 112.\n\n','NONE','112.0',NULL,'When recording the screen while in Private Browsing on Firefox for Android the address bar and keyboard were not hidden, potentially leaking sensitive information. \n\n*This bug only affects Firefox for Android. Other operating systems are unaffected.* This vulnerability affects Firefox for Android < 112 and Focus for Android < 112.\n\n'),('CVE-2023-29548','NONE',6.5,'MEDIUM','NONE','A wrong lowering instruction in the ARM64 Ion compiler resulted in a wrong optimization result. This vulnerability affects Firefox < 112, Focus for Android < 112, Firefox ESR < 102.10, Firefox for Android < 112, and Thunderbird < 102.10.','HIGH','112.0',NULL,'A wrong lowering instruction in the ARM64 Ion compiler resulted in a wrong optimization result. This vulnerability affects Firefox < 112, Focus for Android < 112, Firefox ESR < 102.10, Firefox for Android < 112, and Thunderbird < 102.10.'),('CVE-2023-29549','NONE',6.5,'MEDIUM','NONE','Under certain circumstances, a call to the <code>bind</code> function may have resulted in the incorrect realm. This may have created a vulnerability relating to JavaScript-implemented sandboxes such as SES. This vulnerability affects Firefox for Android < 112, Firefox < 112, and Focus for Android < 112.','HIGH','112.0',NULL,'Under certain circumstances, a call to the <code>bind</code> function may have resulted in the incorrect realm. This may have created a vulnerability relating to JavaScript-implemented sandboxes such as SES. This vulnerability affects Firefox for Android < 112, Firefox < 112, and Focus for Android < 112.'),('CVE-2023-29550','HIGH',8.8,'HIGH','HIGH','Memory safety bugs present in Firefox 111 and Firefox ESR 102.9. Some of these bugs showed evidence of memory corruption and we presume that with enough effort some of these could have been exploited to run arbitrary code. This vulnerability affects Firefox < 112, Focus for Android < 112, Firefox ESR < 102.10, Firefox for Android < 112, and Thunderbird < 102.10.','HIGH','112.0',NULL,'Memory safety bugs present in Firefox 111 and Firefox ESR 102.9. Some of these bugs showed evidence of memory corruption and we presume that with enough effort some of these could have been exploited to run arbitrary code. This vulnerability affects Firefox < 112, Focus for Android < 112, Firefox ESR < 102.10, Firefox for Android < 112, and Thunderbird < 102.10.'),('CVE-2023-29551','HIGH',8.8,'HIGH','HIGH','Memory safety bugs present in Firefox 111. Some of these bugs showed evidence of memory corruption and we presume that with enough effort some of these could have been exploited to run arbitrary code. This vulnerability affects Firefox for Android < 112, Firefox < 112, and Focus for Android < 112.','HIGH','112.0',NULL,'Memory safety bugs present in Firefox 111. Some of these bugs showed evidence of memory corruption and we presume that with enough effort some of these could have been exploited to run arbitrary code. This vulnerability affects Firefox for Android < 112, Firefox < 112, and Focus for Android < 112.'),('CVE-2023-36532','HIGH',7.5,'HIGH','NONE','El desbordamiento del búfer en los clientes Zoom anteriores a la versión 5.14.5 puede permitir a un usuario no autenticado activar una denegación de servicio a través del acceso a la red. ','NONE','5.14.5',NULL,'Buffer overflow in Zoom Clients before 5.14.5 may allow an unauthenticated user to enable a denial of service via network access.'),('CVE-2023-36535','NONE',6.5,'MEDIUM','HIGH','Client-side enforcement of server-side security in Zoom clients before 5.14.10 may allow an authenticated user to enable information disclosure via network access.','NONE','5.14.10',NULL,'Client-side enforcement of server-side security in Zoom clients before 5.14.10 may allow an authenticated user to enable information disclosure via network access.'),('CVE-2023-39199','NONE',6.5,'MEDIUM','HIGH','Los problemas criptográficos con el chat durante la reunión para algunos clientes de Zoom pueden permitir que un usuario privilegiado realice una divulgación de información a través del acceso a la red.','NONE','5.16.0',NULL,'Cryptographic issues with In-Meeting Chat for some Zoom clients may allow a privileged user to conduct an information disclosure via network access.'),('CVE-2023-39204','HIGH',7.5,'HIGH','NONE','El desbordamiento del búfer en algunos clientes de Zoom puede permitir que un usuario no autenticado realice una denegación de servicio a través del acceso a la red.','NONE','5.15.10',NULL,'Buffer overflow in some Zoom clients may allow an unauthenticated user to conduct a denial of service via network access.'),('CVE-2023-39205','HIGH',6.5,'MEDIUM','NONE','La verificación de condiciones inadecuadas en Zoom Team Chat para clientes de Zoom puede permitir que un usuario autenticado lleve a cabo una denegación de servicio a través del acceso a la red.','NONE','5.16.0',NULL,'Improper conditions check in Zoom Team Chat for Zoom clients may allow an authenticated user to conduct a denial of service via network access.'),('CVE-2023-39206','HIGH',7.5,'HIGH','NONE','El desbordamiento del búfer en algunos clientes de Zoom puede permitir que un usuario no autenticado realice una denegación de servicio a través del acceso a la red.','NONE','5.16.0',NULL,'Buffer overflow in some Zoom clients may allow an unauthenticated user to conduct a denial of service via network access.'),('CVE-2023-39214','HIGH',8.1,'HIGH','HIGH','\nExposure of sensitive information in Zoom Client SDK\'s before 5.15.5 may allow an authenticated user to enable a denial of service via network access.\n\n','NONE','5.15.5',NULL,'\nExposure of sensitive information in Zoom Client SDK\'s before 5.15.5 may allow an authenticated user to enable a denial of service via network access.\n\n'),('CVE-2023-39215','HIGH',6.5,'MEDIUM','NONE','Una autenticación inadecuada en los clientes de Zoom puede permitir que un usuario autenticado realice una denegación de servicio a través del acceso a la red.  ','NONE','5.15.5',NULL,'Improper authentication in Zoom clients may allow an authenticated user to conduct a denial of service via network access.'),('CVE-2023-39218','NONE',4.9,'MEDIUM','HIGH','Client-side enforcement of server-side security in Zoom clients before 5.14.10 may allow a privileged user to enable information disclosure via network access.','NONE','5.14.10',NULL,'Client-side enforcement of server-side security in Zoom clients before 5.14.10 may allow a privileged user to enable information disclosure via network access.'),('CVE-2023-43582','HIGH',8.8,'HIGH','HIGH','La autorización inadecuada en algunos clientes de Zoom puede permitir que un usuario autorizado realice una escalada de privilegios a través del acceso a la red.','HIGH','5.16.0',NULL,'Improper authorization in some Zoom clients may allow an authorized user to conduct an escalation of privilege via network access.\n'),('CVE-2023-43583','NONE',4.9,'MEDIUM','HIGH','Los problemas criptográficos de la aplicación Zoom Mobile para Android, la aplicación Zoom Mobile para iOS y los SDK de Zoom para Android e iOS anteriores a la versión 5.16.0 pueden permitir que un usuario privilegiado realice una divulgación de información a través del acceso a la red.','NONE','5.16.0',NULL,'Cryptographic issues Zoom Mobile App for Android, Zoom Mobile App for iOS, and Zoom SDKs for Android and iOS before version 5.16.0 may allow a privileged user to conduct a disclosure of information via network access.'),('CVE-2023-49646','HIGH',6.5,'MEDIUM','NONE','La autenticación incorrecta en Zoom clients anteriores a la versión 5.16.5 puede permitir que un usuario autenticado realice una denegación de servicio a través del acceso a la red.','NONE','5.16.5',NULL,'Improper authentication in some Zoom clients before version 5.16.5 may allow an authenticated user to conduct a denial of service via network access.');
/*!40000 ALTER TABLE `vulnerabilidad` ENABLE KEYS */;
UNLOCK TABLES;
/*!40103 SET TIME_ZONE=@OLD_TIME_ZONE */;

/*!40101 SET SQL_MODE=@OLD_SQL_MODE */;
/*!40014 SET FOREIGN_KEY_CHECKS=@OLD_FOREIGN_KEY_CHECKS */;
/*!40014 SET UNIQUE_CHECKS=@OLD_UNIQUE_CHECKS */;
/*!40101 SET CHARACTER_SET_CLIENT=@OLD_CHARACTER_SET_CLIENT */;
/*!40101 SET CHARACTER_SET_RESULTS=@OLD_CHARACTER_SET_RESULTS */;
/*!40101 SET COLLATION_CONNECTION=@OLD_COLLATION_CONNECTION */;
/*!40111 SET SQL_NOTES=@OLD_SQL_NOTES */;

-- Dump completed on 2024-02-17 11:15:43
